food_id,Menu,ingredient_id,Amount_g,Ingredient,품목코드,단가(원/g),총 가격(원)
A010100001,쌀밥,R101-008000301-0000,90,백미,1000119514,2.6385,237.465
B050200033,참치김치두부국,D315-670000000-0001,35,배추김치,1000622543,1.89,66.15
B050200033,참치김치두부국,P106-001000100-0001,40,두부,1000152538,1.896666667,75.86666667
B050200033,참치김치두부국,R106-182000001-0000,40,콩나물,1000623275,1,40
B050200033,참치김치두부국,R211-059014029-0000,15,참치(통조림),1000510867,9.281914894,139.2287234
B050200033,참치김치두부국,R106-191040001-0000,3,대파,1000007015,3.38,10.14
B050200033,참치김치두부국,R118-001030000-0000,6,국간장,1000453770,1.347692308,8.086153846
B050200033,참치김치두부국,R318-020030000-0000,0.3,소금,1000736517,1.43,0.429
B050200033,참치김치두부국,R114-020000000-0000,3,참기름,1000697992,10.10555556,30.31666667
C130200086,미트볼조림,P112-010001000-0005,3,고추장,1000006560,9.54,28.62
C130200086,미트볼조림,R106-191040001-0000,1,대파,1000007015,3.38,3.38
C130200086,미트볼조림,R209-014008601-0000,30,돼지고기(살코기),1000008287,7.3,219
C130200086,미트볼조림,R106-053002201-0000,1,마늘,1000006845,5.68,5.68
C130200086,미트볼조림,P104-601060100-0002,5,물엿,1000018123,2.024,10.12
C130200086,미트볼조림,R103-011020000-0000,1,백설탕,1000612561,1.438666667,1.438666667
C130200086,미트볼조림,P116-706070200-0001,7,빵가루,1000179226,38.38,268.66
C130200086,미트볼조림,R318-020030000-0000,1,소금,1000736517,1.43,1.43
C130200086,미트볼조림,R209-027078401-0000,30,쇠고기(목심),1000709635,16.98,509.4
C130200086,미트볼조림,P112-004000400-0041,3,진간장,1000453770,1.347692308,4.043076923
C130200086,미트볼조림,R114-020000000-0000,0.5,참기름,1000697992,10.10555556,5.052777778
C130200086,미트볼조림,P107-101010100-0023,5,콩기름,1000641822,2.588888889,12.94444444
C130200086,미트볼조림,P113-203020300-0007,5,토마토케첩,1000665985,7.4,37
C130200086,미트볼조림,R118-041010006-0000,0.3,후춧가루,1000520223,25.51111111,7.653333333
C090700043,브로컬리계란찜,R210-003000001-0000,60,달걀,1000520018,4.105555556,246.3333333
C090700043,브로컬리계란찜,R106-092000001-0000,10,브로콜리,1000007463,6.7,67
C090700043,브로컬리계란찜,R211-717254071-0000,1,새우젓,1000642504,28.5,28.5
C090700043,브로컬리계란찜,R318-020030000-0000,1,소금,1000736517,1.43,1.43
C090700043,브로컬리계란찜,R106-191040001-0000,2,파(실파),1000007015,3.38,6.76
C150100023,고사리나물,R118-001030000-0000,3,간장(재래),1000453770,1.347692308,4.043076923
C150100023,고사리나물,R106-016000001-0000,45,고사리(생것),1000007267,8.22,369.9
C150100023,고사리나물,R105-026020058-0000,0.5,깨소금(가루),1000736517,1.43,0.715
C150100023,고사리나물,R106-191040001-0000,1.5,대파,1000007015,3.38,5.07
C150100023,고사리나물,R106-053002201-0000,1,마늘,1000006845,5.68,5.68
C150100023,고사리나물,R114-020000000-0000,1.5,참기름,1000697992,10.10555556,15.15833333
C150100023,고사리나물,P107-101010100-0023,1.5,콩기름,1000641822,2.588888889,3.883333333
C170100001,배추김치,R106-004000001-0000,1,갓,1000006752,4.6,4.6
C170100001,배추김치,R118-007000006-0000,2,고춧가루,1000020371,5.514705882,11.02941176
C170100001,배추김치,R318-020000000-0000,0.3,굵은소금,1000736517,1.43,0.429
C170100001,배추김치,R318-020000000-0000,3,굵은소금(절임용),1000736517,1.43,4.29
C170100001,배추김치,R106-053002201-0000,1,마늘(다진것),1000006845,5.68,5.68
C170100001,배추김치,R211-105034077-0000,1,멸치액젓,1000741926,1.266666667,1.266666667
C170100001,배추김치,R106-065027601-0000,6,무,1000622538,2.06,12.36
C170100001,배추김치,R106-077030001-0000,5,미나리,1000006800,8.44,42.2
C170100001,배추김치,R106-087003401-0000,40,배추,1000622543,1.89,75.6
C170100001,배추김치,R103-011020000-0000,0.5,백설탕,1000612561,1.438666667,0.719333333
C170100001,배추김치,R211-717254071-0000,1,새우젓,1000642504,28.5,28.5
C170100001,배추김치,R106-101002501-0000,0.5,생강(다진것),1000702726,16.66666667,8.333333333
C170100001,배추김치,R106-191030001-0000,1,쪽파,1000007032,11.02,11.02
A010100001,쌀밥,R101-008000301-0000,90,백미,1000119514,2.6385,237.465
B050100073,냉이무된장국,R106-033000001-0000,20,냉이,1000602018,2.24,44.8
B050100073,냉이무된장국,R106-065027601-0000,30,무,1000622538,2.06,61.8
B050100073,냉이무된장국,R112-819015102-1273,1,다시마(말린것),1000704787,25.4,25.4
B050100073,냉이무된장국,R211-105033902-0007,1.5,멸치(육수용),1000695996,3.695,5.5425
B050100073,냉이무된장국,P112-009000900-0006,8,된장,1000730250,1.753571429,14.02857143
B050100073,냉이무된장국,R106-053002201-0000,2,마늘(다진것),1000006845,5.68,11.36
B050100073,냉이무된장국,R211-105034077-0000,3,멸치액젓,1000741926,1.266666667,3.8
C120200031,고추장오리불고기,P112-010001000-0005,5,고추장,1000006560,9.54,47.7
C120200031,고추장오리불고기,R118-007000006-0000,8,고춧가루,1000020371,5.514705882,44.11764706
C120200031,고추장오리불고기,R106-053002201-0000,2,마늘,1000006845,5.68,11.36
C120200031,고추장오리불고기,P104-601060100-0002,5,물엿,1000018123,2.024,10.12
C120200031,고추장오리불고기,R106-091040001-0000,10,부추,1000006757,8.73,87.3
C120200031,고추장오리불고기,R106-129000001-0000,20,양배추,1000622545,2.16,43.2
C120200031,고추장오리불고기,R106-132000001-0000,20,양파,1000006975,2.86,57.2
C120200031,고추장오리불고기,R209-040007301-0000,60,오리고기(살코기),1000008683,10.32,619.2
C120200031,고추장오리불고기,P112-004000400-0041,5,진간장,1000453770,1.347692308,6.738461538
C120200031,고추장오리불고기,R114-020000000-0000,3,참기름,1000697992,10.10555556,30.31666667
C120200031,고추장오리불고기,R118-041010006-0000,0.1,후춧가루,1000520223,25.51111111,2.551111111
C151100051,양배추두부쌈,R102-001140001-0000,130,감자,1000152013,2.24,291.2
C151100051,양배추두부쌈,P106-001000100-0001,50,두부,1000152538,1.896666667,94.83333333
C151100051,양배추두부쌈,R318-020030000-0000,1.5,소금,1000736517,1.43,2.145
C151100051,양배추두부쌈,R106-129000001-0000,50,양배추,1000622545,2.16,108
C150100124,콩나물무침,R105-026020058-0000,1,깨소금,1000736517,1.43,1.43
C150100124,콩나물무침,R106-191040001-0000,3,대파(다진것),1000007015,3.38,10.14
C150100124,콩나물무침,R106-053002201-0000,1.5,마늘(다진것),1000006845,5.68,8.52
C150100124,콩나물무침,R318-020030000-0000,0.5,소금,1000736517,1.43,0.715
C150100124,콩나물무침,R318-020030000-0000,0.5,소금(데침용),1000736517,1.43,0.715
C150100124,콩나물무침,R114-020000000-0000,1,참기름,1000697992,10.10555556,10.10555556
C150100124,콩나물무침,R106-182000001-0000,50,콩나물,1000623275,1,50
C170100001,배추김치,R106-004000001-0000,1,갓,1000006752,4.6,4.6
C170100001,배추김치,R118-007000006-0000,2,고춧가루,1000020371,5.514705882,11.02941176
C170100001,배추김치,R318-020000000-0000,0.3,굵은소금,1000736517,1.43,0.429
C170100001,배추김치,R318-020000000-0000,3,굵은소금(절임용),1000736517,1.43,4.29
C170100001,배추김치,R106-053002201-0000,1,마늘(다진것),1000006845,5.68,5.68
C170100001,배추김치,R211-105034077-0000,1,멸치액젓,1000741926,1.266666667,1.266666667
C170100001,배추김치,R106-065027601-0000,6,무,1000622538,2.06,12.36
C170100001,배추김치,R106-077030001-0000,5,미나리,1000006800,8.44,42.2
C170100001,배추김치,R106-087003401-0000,40,배추,1000622543,1.89,75.6
C170100001,배추김치,R103-011020000-0000,0.5,백설탕,1000612561,1.438666667,0.719333333
C170100001,배추김치,R211-717254071-0000,1,새우젓,1000642504,28.5,28.5
C170100001,배추김치,R106-101002501-0000,0.5,생강(다진것),1000702726,16.66666667,8.333333333
C170100001,배추김치,R106-191030001-0000,1,쪽파,1000007032,11.02,11.02
P120-104010400-0155,어묵_새참바골드,P120-104010400-0155,30,어묵_새참바골드,1000625025,9.142857143,274.2857143
A010100001,쌀밥,R101-008000301-0000,90,백미,1000119514,2.6385,237.465
B050100013,감자양파된장국,R102-001140001-0000,50,감자,1000152013,2.24,112
B050100013,감자양파된장국,R106-132000001-0000,20,양파,1000006975,2.86,57.2
B050100013,감자양파된장국,R107-004000001-0000,10,느타리버섯,1000007198,4.95,49.5
B050100013,감자양파된장국,R112-819015102-1273,3,다시마(말린것),1000704787,25.4,76.2
B050100013,감자양파된장국,R106-018073101-0000,2,풋고추,1000006540,6.4,12.8
B050100013,감자양파된장국,P112-009000900-0006,10,된장,1000730250,1.753571429,17.53571429
B050100013,감자양파된장국,R118-001030000-0000,2.5,국간장,1000453770,1.347692308,3.369230769
B050100013,감자양파된장국,R318-020030000-0000,0.3,소금,1000736517,1.43,0.429
B050100013,감자양파된장국,R106-053002201-0000,1,마늘(다진것),1000006845,5.68,5.68
B050100013,감자양파된장국,R118-007000006-0000,3,고춧가루,1000020371,5.514705882,16.54411765
B050100013,감자양파된장국,R106-191040001-0000,3,대파,1000007015,3.38,10.14
C090600016,연두부찜,R106-053002201-0000,1,마늘,1000006845,5.68,5.68
C090600016,연두부찜,P106-001000100-0066,100,연두부,1000158916,1.8,180
C090600016,연두부찜,P112-004000400-0041,2,진간장,1000453770,1.347692308,2.695384615
C090600016,연두부찜,R106-191040001-0000,1,파(실파),1000007015,3.38,3.38
C120100032,건새우볶음,R103-011020000-0000,2,백설탕,1000612561,1.438666667,2.877333333
C120100032,건새우볶음,R211-717074004-0000,20,새우(말린것),1000453889,4.98,99.6
C120100032,건새우볶음,P107-101010100-0023,2,식용유,1000641822,2.588888889,5.177777778
C120100032,건새우볶음,P112-004000400-0041,4,진간장,1000453770,1.347692308,5.390769231
C120100032,건새우볶음,R114-020000000-0000,0.5,참기름,1000697992,10.10555556,5.052777778
C120100032,건새우볶음,R105-026020058-0000,0.5,참깨,1000736517,1.43,0.715
C150200102,치커리무침,R118-007000006-0000,5,고춧가루,1000020371,5.514705882,27.57352941
C150200102,치커리무침,R105-026020058-0000,0.3,깨소금(가루),1000736517,1.43,0.429
C150200102,치커리무침,R106-053002201-0000,2,마늘,1000006845,5.68,11.36
C150200102,치커리무침,R103-011020000-0000,1,백설탕,1000612561,1.438666667,1.438666667
C150200102,치커리무침,R318-020030000-0000,1,소금,1000736517,1.43,1.43
C150200102,치커리무침,P113-101010100-0025,2,양조식초,1000743997,0.758,1.516
C150200102,치커리무침,R114-020000000-0000,1,참기름,1000697992,10.10555556,10.10555556
C150200102,치커리무침,R106-178007801-0000,50,치커리,1000002606,11.07,553.5
C150200102,치커리무침,R106-191040001-0000,3,파(실파),1000007015,3.38,10.14
C170100001,배추김치,R106-004000001-0000,1,갓,1000006752,4.6,4.6
C170100001,배추김치,R118-007000006-0000,2,고춧가루,1000020371,5.514705882,11.02941176
C170100001,배추김치,R318-020000000-0000,0.3,굵은소금,1000736517,1.43,0.429
C170100001,배추김치,R318-020000000-0000,3,굵은소금(절임용),1000736517,1.43,4.29
C170100001,배추김치,R106-053002201-0000,1,마늘(다진것),1000006845,5.68,5.68
C170100001,배추김치,R211-105034077-0000,1,멸치액젓,1000741926,1.266666667,1.266666667
C170100001,배추김치,R106-065027601-0000,6,무,1000622538,2.06,12.36
C170100001,배추김치,R106-077030001-0000,5,미나리,1000006800,8.44,42.2
C170100001,배추김치,R106-087003401-0000,40,배추,1000622543,1.89,75.6
C170100001,배추김치,R103-011020000-0000,0.5,백설탕,1000612561,1.438666667,0.719333333
C170100001,배추김치,R211-717254071-0000,1,새우젓,1000642504,28.5,28.5
C170100001,배추김치,R106-101002501-0000,0.5,생강(다진것),1000702726,16.66666667,8.333333333
C170100001,배추김치,R106-191030001-0000,1,쪽파,1000007032,11.02,11.02
A010100001,쌀밥,R101-008000301-0000,90,백미,1000119514,2.6385,237.465
B050900050,매운애호박국,R106-198050001-0000,40,애호박,1000006630,6.17,246.8
B050900050,매운애호박국,R106-132000001-0000,40,양파,1000006975,2.86,114.4
B050900050,매운애호박국,R118-001030000-0000,5,국간장,1000453770,1.347692308,6.738461538
B050900050,매운애호박국,R106-191040001-0000,5,대파,1000007015,3.38,16.9
B050900050,매운애호박국,R211-105033902-0007,2.5,멸치(국물용),1000695996,3.695,9.2375
B050900050,매운애호박국,R118-007000006-0000,2,고춧가루,1000020371,5.514705882,11.02941176
B050900050,매운애호박국,R106-053002201-0000,2,마늘,1000006845,5.68,11.36
C120200486,소고기가지볶음,R106-003000001-0000,40,가지,1000006656,5.82,232.8
C120200486,소고기가지볶음,P113-206020400-0041,3,굴소스,1000703411,3.458333333,10.375
C120200486,소고기가지볶음,R105-026020058-0000,0.3,깨소금,1000736517,1.43,0.429
C120200486,소고기가지볶음,R106-191040001-0000,15,대파,1000007015,3.38,50.7
C120200486,소고기가지볶음,R106-053002201-0000,2,마늘(다진것),1000006845,5.68,11.36
C120200486,소고기가지볶음,P109-802080200-0053,5,매실농축액,1000004473,4.233333333,21.16666667
C120200486,소고기가지볶음,R211-105034077-0000,2,멸치액젓,1000741926,1.266666667,2.533333333
C120200486,소고기가지볶음,R318-020030000-0000,0.3,소금,1000736517,1.43,0.429
C120200486,소고기가지볶음,R209-027078301-0000,80,쇠고기(볶음용),1000133603,7.44,595.2
C120200486,소고기가지볶음,P107-101010100-0023,3,식용유,1000641822,2.588888889,7.766666667
C120200486,소고기가지볶음,P104-701030200-0002,6,올리고당,1000718891,3.7,22.2
C120200486,소고기가지볶음,P112-004000400-0041,12,진간장,1000453770,1.347692308,16.17230769
C120200486,소고기가지볶음,R114-020000000-0000,0.5,참기름,1000697992,10.10555556,5.052777778
C120200486,소고기가지볶음,R106-194008101-0000,10,파프리카(적색),1000007574,7.33,73.3
C120200486,소고기가지볶음,R103-011040000-0000,3,황설탕,1000661496,2.28,6.84
C120200486,소고기가지볶음,R118-041010006-0000,0.06,후춧가루,1000520223,25.51111111,1.530666667
C120100209,멸치볶음,R105-026020058-0000,0.3,깨소금(가루),1000736517,1.43,0.429
C120100209,멸치볶음,R106-053002201-0000,1,마늘,1000006845,5.68,5.68
C120100209,멸치볶음,R211-105033902-0007,6,멸치(소),1000695996,3.695,22.17
C120100209,멸치볶음,P104-601060100-0002,1,물엿,1000018123,2.024,2.024
C120100209,멸치볶음,R103-011020000-0000,1,백설탕,1000612561,1.438666667,1.438666667
C120100209,멸치볶음,P112-004000400-0041,1.5,진간장,1000453770,1.347692308,2.021538462
C120100209,멸치볶음,R114-020000000-0000,1,참기름,1000697992,10.10555556,10.10555556
C120100209,멸치볶음,P107-101010100-0023,2,콩기름,1000641822,2.588888889,5.177777778
C120100209,멸치볶음,R106-018073101-0000,1,풋고추,1000006540,6.4,6.4
C101000002,김구이,R112-813033902-0000,2,김(말린것),1000712372,78.5,157
C101000002,김구이,R318-020030000-0000,0.5,소금,1000736517,1.43,0.715
C101000002,김구이,R114-020000000-0000,3,참기름,1000697992,10.10555556,30.31666667
C170100001,배추김치,R106-004000001-0000,1,갓,1000006752,4.6,4.6
C170100001,배추김치,R118-007000006-0000,2,고춧가루,1000020371,5.514705882,11.02941176
C170100001,배추김치,R318-020000000-0000,0.3,굵은소금,1000736517,1.43,0.429
C170100001,배추김치,R318-020000000-0000,3,굵은소금(절임용),1000736517,1.43,4.29
C170100001,배추김치,R106-053002201-0000,1,마늘(다진것),1000006845,5.68,5.68
C170100001,배추김치,R211-105034077-0000,1,멸치액젓,1000741926,1.266666667,1.266666667
C170100001,배추김치,R106-065027601-0000,6,무,1000622538,2.06,12.36
C170100001,배추김치,R106-077030001-0000,5,미나리,1000006800,8.44,42.2
C170100001,배추김치,R106-087003401-0000,40,배추,1000622543,1.89,75.6
C170100001,배추김치,R103-011020000-0000,0.5,백설탕,1000612561,1.438666667,0.719333333
C170100001,배추김치,R211-717254071-0000,1,새우젓,1000642504,28.5,28.5
C170100001,배추김치,R106-101002501-0000,0.5,생강(다진것),1000702726,16.66666667,8.333333333
C170100001,배추김치,R106-191030001-0000,1,쪽파,1000007032,11.02,11.02
A010100001,쌀밥,R101-008000301-0000,90,백미,1000119514,2.6385,237.465
B060300005,갈비탕,R210-003000001-0000,25,달걀,1000520018,4.105555556,102.6388889
B060300005,갈비탕,R106-191040001-0000,4,대파,1000007015,3.38,13.52
B060300005,갈비탕,R106-053002201-0000,3,마늘,1000006845,5.68,17.04
B060300005,갈비탕,R106-065027601-0000,50,무,1000622538,2.06,103
B060300005,갈비탕,R118-001030000-0000,4,국간장,1000453770,1.347692308,5.390769231
B060300005,갈비탕,R106-191040001-0000,2,대파(다진것),1000007015,3.38,6.76
B060300005,갈비탕,R106-053002201-0000,2,마늘(다진것),1000006845,5.68,11.36
B060300005,갈비탕,R114-020000000-0000,2,참기름,1000697992,10.10555556,20.21111111
B060300005,갈비탕,R118-041010006-0000,0.075,후춧가루,1000520223,25.51111111,1.913333333
B060300005,갈비탕,R318-020030000-0000,1,소금,1000736517,1.43,1.43
B060300005,갈비탕,R209-027078101-0000,120,쇠고기(갈비탕용),1000005089,24.53,2943.6
C110200004,동그랑땡전,R210-003000001-0000,20,달걀,1000520018,4.105555556,82.11111111
C110200004,동그랑땡전,R106-041007601-0000,5,당근,1000006481,1.54,7.7
C110200004,동그랑땡전,R106-191040001-0000,1,대파,1000007015,3.38,3.38
C110200004,동그랑땡전,R209-014001001-0000,40,돼지고기(뒷다리),1000644265,7.3,292
C110200004,동그랑땡전,P106-001000100-0001,20,두부,1000152538,1.896666667,37.93333333
C110200004,동그랑땡전,R106-053002201-0000,1,마늘,1000006845,5.68,5.68
C110200004,동그랑땡전,R101-016080006-0000,7,밀가루(중력분),1000179226,38.38,268.66
C110200004,동그랑땡전,R318-020030000-0000,1,소금,1000736517,1.43,1.43
C110200004,동그랑땡전,R106-132000001-0000,10,양파,1000006975,2.86,28.6
C110200004,동그랑땡전,P107-101010100-0023,5,콩기름,1000641822,2.588888889,12.94444444
C110200004,동그랑땡전,R118-041010006-0000,0.3,후춧가루,1000520223,25.51111111,7.653333333
C120800008,느타리버섯볶음,R105-026020058-0000,0.5,깨소금(가루),1000736517,1.43,0.715
C120800008,느타리버섯볶음,R107-004000001-0000,15,느타리버섯,1000007198,4.95,74.25
C120800008,느타리버섯볶음,R106-041007601-0000,5,당근,1000006481,1.54,7.7
C120800008,느타리버섯볶음,R106-191040001-0000,2,대파,1000007015,3.38,6.76
C120800008,느타리버섯볶음,R106-053002201-0000,1,마늘,1000006845,5.68,5.68
C120800008,느타리버섯볶음,R107-023000001-0000,15,새송이버섯,1000007225,5.96,89.4
C120800008,느타리버섯볶음,R318-020030000-0000,1,소금,1000736517,1.43,1.43
C120800008,느타리버섯볶음,R106-132000001-0000,10,양파,1000006975,2.86,28.6
C120800008,느타리버섯볶음,R114-020000000-0000,1,참기름,1000697992,10.10555556,10.10555556
C120800008,느타리버섯볶음,P107-101010100-0023,2,콩기름,1000641822,2.588888889,5.177777778
C120800008,느타리버섯볶음,R107-027007101-0000,15,표고버섯,1000007217,8.28,124.2
C150100058,무말랭이무침,R118-001030000-0000,4,간장(재래),1000453770,1.347692308,5.390769231
C150100058,무말랭이무침,P112-010001000-0005,5,고추장,1000006560,9.54,47.7
C150100058,무말랭이무침,R118-007000006-0000,1,고춧가루,1000020371,5.514705882,5.514705882
C150100058,무말랭이무침,R105-026020058-0000,1.5,깨소금,1000736517,1.43,2.145
C150100058,무말랭이무침,R106-191040001-0000,2,대파(다진것),1000007015,3.38,6.76
C150100058,무말랭이무침,R106-053002201-0000,4,마늘(다진것),1000006845,5.68,22.72
C150100058,무말랭이무침,R211-105034077-0000,4.475,멸치액젓,1000741926,1.266666667,5.668333333
C150100058,무말랭이무침,R106-071007602-0000,20,무말랭이,1000601329,7.76,155.2
C150100058,무말랭이무침,R103-011020000-0000,6,백설탕,1000612561,1.438666667,8.632
C170100001,배추김치,R106-004000001-0000,1,갓,1000006752,4.6,4.6
C170100001,배추김치,R118-007000006-0000,2,고춧가루,1000020371,5.514705882,11.02941176
C170100001,배추김치,R318-020000000-0000,0.3,굵은소금,1000736517,1.43,0.429
C170100001,배추김치,R318-020000000-0000,3,굵은소금(절임용),1000736517,1.43,4.29
C170100001,배추김치,R106-053002201-0000,1,마늘(다진것),1000006845,5.68,5.68
C170100001,배추김치,R211-105034077-0000,1,멸치액젓,1000741926,1.266666667,1.266666667
C170100001,배추김치,R106-065027601-0000,6,무,1000622538,2.06,12.36
C170100001,배추김치,R106-077030001-0000,5,미나리,1000006800,8.44,42.2
C170100001,배추김치,R106-087003401-0000,40,배추,1000622543,1.89,75.6
C170100001,배추김치,R103-011020000-0000,0.5,백설탕,1000612561,1.438666667,0.719333333
C170100001,배추김치,R211-717254071-0000,1,새우젓,1000642504,28.5,28.5
C170100001,배추김치,R106-101002501-0000,0.5,생강(다진것),1000702726,16.66666667,8.333333333
C170100001,배추김치,R106-191030001-0000,1,쪽파,1000007032,11.02,11.02
R108-010020001-0000,귤_온주밀감_생것,R108-010020001-0000,100,귤_온주밀감_생것,1000734393,5.59,559
A010100001,쌀밥,R101-008000301-0000,90,백미,1000119514,2.6385,237.465
B050900092,콩나물국,R106-182000001-0000,50,콩나물,1000623275,1,50
B050900092,콩나물국,R106-191040001-0000,5,파(실파),1000007015,3.38,16.9
B050900092,콩나물국,R106-053002201-0000,2,마늘,1000006845,5.68,11.36
B050900092,콩나물국,R318-020030000-0000,2,소금,1000736517,1.43,2.86
C120200586,아보카도오일훈제오리야채볶음,P113-206020400-0041,7.5,굴소스,1000703411,3.458333333,25.9375
C120200586,아보카도오일훈제오리야채볶음,R106-207007801-0000,7,깻잎,1000000090,37.5,262.5
C120200586,아보카도오일훈제오리야채볶음,R106-041007601-0000,15,당근(채썬것),1000006481,1.54,23.1
C120200586,아보카도오일훈제오리야채볶음,R106-053002201-0000,4.95,마늘,1000006845,5.68,28.116
C120200586,아보카도오일훈제오리야채볶음,P113-204020100-0003,8,맛술,1000710375,4.261111111,34.08888889
C120200586,아보카도오일훈제오리야채볶음,P113-204020100-0003,8,맛술,1000017506,1.469444444,11.75555556
C120200586,아보카도오일훈제오리야채볶음,R118-055030306-0000,0.5,생강(분말),1000702726,16.66666667,8.333333333
C120200586,아보카도오일훈제오리야채볶음,P107-121011700-0024,2,아보카도오일(볶음용),1000747936,20.8,41.6
C120200586,아보카도오일훈제오리야채볶음,P112-004000400-0041,7.5,양조간장,1000453770,1.347692308,10.10769231
C120200586,아보카도오일훈제오리야채볶음,R106-132000001-0000,20,양파,1000006975,2.86,57.2
C120200586,아보카도오일훈제오리야채볶음,R114-020000000-0000,1,참기름,1000697992,10.10555556,10.10555556
C120200586,아보카도오일훈제오리야채볶음,R105-026020058-0000,1,참깨,1000736517,1.43,1.43
C120200586,아보카도오일훈제오리야채볶음,P115-103010300-0001,7.5,청주,쿠팡5,34.59459459,259.4594595
C120200586,아보카도오일훈제오리야채볶음,R106-194008101-0000,20,파프리카(적색),1000007574,7.33,146.6
C120200586,아보카도오일훈제오리야채볶음,R106-194008101-0000,15,파프리카(황색),1000007574,7.33,109.95
C120200586,아보카도오일훈제오리야채볶음,R107-025000001-0000,20,팽이버섯,1000007227,3.333333333,66.66666667
C120200586,아보카도오일훈제오리야채볶음,R118-041010006-0000,0.075,후춧가루,1000520223,25.51111111,1.913333333
C120200586,아보카도오일훈제오리야채볶음,P117-100010100-0168,80,훈제오리,1000708939,12.15,972
C130300049,연근조림,R105-026020058-0000,1,깨소금(가루),1000736517,1.43,1.43
C130300049,연근조림,P104-601060100-0002,2,물엿,1000018123,2.024,4.048
C130300049,연근조림,R103-011020000-0000,4,백설탕,1000612561,1.438666667,5.754666667
C130300049,연근조림,P113-101010100-0025,3,양조식초,1000743997,0.758,2.274
C130300049,연근조림,R106-141000001-0000,40,연근,1000752333,4.03,161.2
C130300049,연근조림,P112-004000400-0041,8,진간장,1000453770,1.347692308,10.78153846
C130300049,연근조림,R114-020000000-0000,1,참기름,1000697992,10.10555556,10.10555556
C150200058,부추무침,R118-007000006-0000,3,고춧가루,1000020371,5.514705882,16.54411765
C150200058,부추무침,R106-053002201-0000,3,마늘(다진것),1000006845,5.68,17.04
C150200058,부추무침,R211-105034077-0000,6,멸치액젓,1000741926,1.266666667,7.6
C150200058,부추무침,R103-011020000-0000,4,백설탕,1000612561,1.438666667,5.754666667
C150200058,부추무침,R106-091040001-0000,60,부추,1000006757,8.73,523.8
C150200058,부추무침,R114-020000000-0000,4,참기름,1000697992,10.10555556,40.42222222
C150200058,부추무침,R105-026020058-0000,1,참깨,1000736517,1.43,1.43
C170100001,배추김치,R106-004000001-0000,1,갓,1000006752,4.6,4.6
C170100001,배추김치,R118-007000006-0000,2,고춧가루,1000020371,5.514705882,11.02941176
C170100001,배추김치,R318-020000000-0000,0.3,굵은소금,1000736517,1.43,0.429
C170100001,배추김치,R318-020000000-0000,3,굵은소금(절임용),1000736517,1.43,4.29
C170100001,배추김치,R106-053002201-0000,1,마늘(다진것),1000006845,5.68,5.68
C170100001,배추김치,R211-105034077-0000,1,멸치액젓,1000741926,1.266666667,1.266666667
C170100001,배추김치,R106-065027601-0000,6,무,1000622538,2.06,12.36
C170100001,배추김치,R106-077030001-0000,5,미나리,1000006800,8.44,42.2
C170100001,배추김치,R106-087003401-0000,40,배추,1000622543,1.89,75.6
C170100001,배추김치,R103-011020000-0000,0.5,백설탕,1000612561,1.438666667,0.719333333
C170100001,배추김치,R211-717254071-0000,1,새우젓,1000642504,28.5,28.5
C170100001,배추김치,R106-101002501-0000,0.5,생강(다진것),1000702726,16.66666667,8.333333333
C170100001,배추김치,R106-191030001-0000,1,쪽파,1000007032,11.02,11.02
A010100001,쌀밥,R101-008000301-0000,90,백미,1000119514,2.6385,237.465
B050900089,콩가루배추국,R106-087003401-0000,45,배추,1000622543,1.89,85.05
B050900089,콩가루배추국,P116-703070300-0096,15,콩가루(생것),1000712939,4.86,72.9
B050900089,콩가루배추국,P112-009000900-0006,12,된장,1000730250,1.753571429,21.04285714
B050900089,콩가루배추국,R106-191040001-0000,5,대파,1000007015,3.38,16.9
B050900089,콩가루배추국,R106-053002201-0000,3.5,마늘(다진것),1000006845,5.68,19.88
B050900089,콩가루배추국,R211-717074004-0000,1.5,새우(말린것),1000453889,4.98,7.47
B050900089,콩가루배추국,R318-020030000-0000,0.5,소금,1000736517,1.43,0.715
C120600017,두부두루치기,R118-007000006-0000,5,고춧가루,1000020371,5.514705882,27.57352941
C120600017,두부두루치기,R105-026020058-0000,1,깨소금,1000736517,1.43,1.43
C120600017,두부두루치기,R106-191040001-0000,3,대파,1000007015,3.38,10.14
C120600017,두부두루치기,R106-191040001-0000,5,대파(다진것),1000007015,3.38,16.9
C120600017,두부두루치기,P106-001000100-0001,75,두부,1000152538,1.896666667,142.25
C120600017,두부두루치기,R106-053002201-0000,4,마늘(다진것),1000006845,5.68,22.72
C120600017,두부두루치기,R106-129000001-0000,10,양배추,1000622545,2.16,21.6
C120600017,두부두루치기,R106-132000001-0000,10,양파,1000006975,2.86,28.6
C120600017,두부두루치기,P112-004000400-0041,15,진간장,1000453770,1.347692308,20.21538462
C120600017,두부두루치기,R114-020000000-0000,3,참기름,1000697992,10.10555556,30.31666667
C120600017,두부두루치기,R106-018073101-0000,5,풋고추,1000006540,6.4,32
C120600017,두부두루치기,R106-018008101-0000,5,홍고추,1000006560,9.54,47.7
C120200526,소세지야채볶음,P112-010001000-0005,4,고추장,1000006560,9.54,38.16
C120200526,소세지야채볶음,P113-206020400-0041,6,굴소스,1000703411,3.458333333,20.75
C120200526,소세지야채볶음,R103-011020000-0000,5,백설탕,1000612561,1.438666667,7.193333333
C120200526,소세지야채볶음,P117-201020100-0592,60,소시지,1000741667,3.41,204.6
C120200526,소세지야채볶음,P107-101010100-0023,2,식용유,1000641822,2.588888889,5.177777778
C120200526,소세지야채볶음,R106-132000001-0000,20,양파,1000006975,2.86,57.2
C120200526,소세지야채볶음,P104-701030200-0002,4,올리고당,1000718891,3.7,14.8
C120200526,소세지야채볶음,P112-004000400-0041,3,진간장,1000453770,1.347692308,4.043076923
C120200526,소세지야채볶음,P113-203020300-0007,12,토마토케첩,1000665985,7.4,88.8
C120200526,소세지야채볶음,R106-194008101-0000,10,파프리카(황색),1000007574,7.33,73.3
C150100018,고구마순무침,R105-026010058-0000,1,검정깨,1000673692,5.23,5.23
C150100018,고구마순무침,R106-208007901-0000,60,고구마줄기(데친것),1000007261,8.09,485.4
C150100018,고구마순무침,R118-007000006-0000,3,고춧가루,1000020371,5.514705882,16.54411765
C150100018,고구마순무침,R118-001030000-0000,3,국간장,1000453770,1.347692308,4.043076923
C150100018,고구마순무침,P112-009000900-0006,10,된장,1000730250,1.753571429,17.53571429
C150100018,고구마순무침,R106-053002201-0000,3,마늘(다진것),1000006845,5.68,17.04
C150100018,고구마순무침,R318-020030000-0000,0.5,소금,1000736517,1.43,0.715
C150100018,고구마순무침,R114-020000000-0000,2,참기름,1000697992,10.10555556,20.21111111
C150100018,고구마순무침,R106-018073101-0000,0.5,풋고추,1000006540,6.4,3.2
C150100018,고구마순무침,R106-018008101-0000,3,홍고추,1000006560,9.54,28.62
C170100001,배추김치,R106-004000001-0000,1,갓,1000006752,4.6,4.6
C170100001,배추김치,R118-007000006-0000,2,고춧가루,1000020371,5.514705882,11.02941176
C170100001,배추김치,R318-020000000-0000,0.3,굵은소금,1000736517,1.43,0.429
C170100001,배추김치,R318-020000000-0000,3,굵은소금(절임용),1000736517,1.43,4.29
C170100001,배추김치,R106-053002201-0000,1,마늘(다진것),1000006845,5.68,5.68
C170100001,배추김치,R211-105034077-0000,1,멸치액젓,1000741926,1.266666667,1.266666667
C170100001,배추김치,R106-065027601-0000,6,무,1000622538,2.06,12.36
C170100001,배추김치,R106-077030001-0000,5,미나리,1000006800,8.44,42.2
C170100001,배추김치,R106-087003401-0000,40,배추,1000622543,1.89,75.6
C170100001,배추김치,R103-011020000-0000,0.5,백설탕,1000612561,1.438666667,0.719333333
C170100001,배추김치,R211-717254071-0000,1,새우젓,1000642504,28.5,28.5
C170100001,배추김치,R106-101002501-0000,0.5,생강(다진것),1000702726,16.66666667,8.333333333
C170100001,배추김치,R106-191030001-0000,1,쪽파,1000007032,11.02,11.02
A010100001,쌀밥,R101-008000301-0000,90,백미,1000119514,2.6385,237.465
B060200149,민물새우탕,R106-065027601-0000,50,무,1000622538,2.06,103
B060200149,민물새우탕,R106-191040001-0000,10,대파,1000007015,3.38,33.8
B060200149,민물새우탕,R106-018073101-0000,3,풋고추,1000006540,6.4,19.2
B060200149,민물새우탕,R106-018008101-0000,3,홍고추,1000006560,9.54,28.62
B060200149,민물새우탕,R118-007000006-0000,3,고춧가루,1000020371,5.514705882,16.54411765
B060200149,민물새우탕,R318-020030000-0000,1,소금,1000736517,1.43,1.43
B060200149,민물새우탕,R211-029014077-0000,2.033333333,까나리액젓,1000738230,5.233333333,10.64111111
B060200149,민물새우탕,R106-053002201-0000,3,마늘(다진것),1000006845,5.68,17.04
B060200149,민물새우탕,R118-041010006-0000,0.3,후춧가루,1000520223,25.51111111,7.653333333
B060200149,민물새우탕,DB 없음,250,멸치다시마육수,1000704787,25.4,6350
B060200149,민물새우탕,R211-717194001-1050,60,민물새우(생것),1000623233,9.575,574.5
C120200130,닭가슴살카레볶음,P113-206020400-0041,5,굴소스,1000703411,3.458333333,17.29166667
C120200130,닭가슴살카레볶음,R209-008000501-0000,75,닭고기(가슴살),1000008919,6.61,495.75
C120200130,닭가슴살카레볶음,R106-053002201-0000,2.5,마늘(다진것),1000006845,5.68,14.2
C120200130,닭가슴살카레볶음,P107-101010100-0023,2,식용유,1000641822,2.588888889,5.177777778
C120200130,닭가슴살카레볶음,R106-132000001-0000,20,양파,1000006975,2.86,57.2
C120200130,닭가슴살카레볶음,R106-175000001-0000,15,청경채,1000007470,3.51,52.65
C120200130,닭가슴살카레볶음,P113-206020400-0218,4,카레(분말),1000640374,5.91,23.64
C150100052,마늘쫑무침,P112-010001000-0005,5,고추장,1000006560,9.54,47.7
C150100052,마늘쫑무침,R118-007000006-0000,1,고춧가루,1000020371,5.514705882,5.514705882
C150100052,마늘쫑무침,R105-026020058-0000,0.5,깨소금(가루),1000736517,1.43,0.715
C150100052,마늘쫑무침,R106-055002401-0000,40,마늘종,1000006845,5.68,227.2
C150100052,마늘쫑무침,P104-601060100-0002,1,물엿,1000018123,2.024,2.024
C150100052,마늘쫑무침,R318-020030000-0000,1,소금,1000736517,1.43,1.43
C150100052,마늘쫑무침,P112-004000400-0041,1,진간장,1000453770,1.347692308,1.347692308
C150100052,마늘쫑무침,R114-020000000-0000,0.5,참기름,1000697992,10.10555556,5.052777778
C150100148,(저염)봄동나물,R318-020030000-0000,0.1,소금,1000736517,1.43,0.143
C150100148,(저염)봄동나물,R105-026020058-0000,0.5,참깨,1000736517,1.43,0.715
C150100148,(저염)봄동나물,R106-053002201-0000,0.5,마늘,1000006845,5.68,2.84
C150100148,(저염)봄동나물,R114-020000000-0000,1,참기름,1000697992,10.10555556,10.10555556
C150100148,(저염)봄동나물,R106-087030001-0000,70,봄동,1000007146,4.07,284.9
C170100001,배추김치,R106-004000001-0000,1,갓,1000006752,4.6,4.6
C170100001,배추김치,R118-007000006-0000,2,고춧가루,1000020371,5.514705882,11.02941176
C170100001,배추김치,R318-020000000-0000,0.3,굵은소금,1000736517,1.43,0.429
C170100001,배추김치,R318-020000000-0000,3,굵은소금(절임용),1000736517,1.43,4.29
C170100001,배추김치,R106-053002201-0000,1,마늘(다진것),1000006845,5.68,5.68
C170100001,배추김치,R211-105034077-0000,1,멸치액젓,1000741926,1.266666667,1.266666667
C170100001,배추김치,R106-065027601-0000,6,무,1000622538,2.06,12.36
C170100001,배추김치,R106-077030001-0000,5,미나리,1000006800,8.44,42.2
C170100001,배추김치,R106-087003401-0000,40,배추,1000622543,1.89,75.6
C170100001,배추김치,R103-011020000-0000,0.5,백설탕,1000612561,1.438666667,0.719333333
C170100001,배추김치,R211-717254071-0000,1,새우젓,1000642504,28.5,28.5
C170100001,배추김치,R106-101002501-0000,0.5,생강(다진것),1000702726,16.66666667,8.333333333
C170100001,배추김치,R106-191030001-0000,1,쪽파,1000007032,11.02,11.02
P101-204000200-0081,양갱_연양갱,P101-204000200-0081,50,양갱_연양갱,1000602412,12.57272727,628.6363636
A010100001,쌀밥,R101-008000301-0000,90,백미,1000119514,2.6385,237.465
B050100230,아욱된장국,R106-123000001-0000,40,아욱,1000006792,4.92,196.8
B050100230,아욱된장국,R211-717074004-0000,3,새우(말린것),1000453889,4.98,14.94
B050100230,아욱된장국,P112-009000900-0006,7,된장,1000730250,1.753571429,12.275
B050100230,아욱된장국,P112-010001000-0005,2,고추장,1000006560,9.54,19.08
B050100230,아욱된장국,R106-191040001-0000,3,대파(다진것),1000007015,3.38,10.14
B050100230,아욱된장국,R106-053002201-0000,1.5,마늘(다진것),1000006845,5.68,8.52
B050100230,아욱된장국,DB 없음,250,쌀뜨물,1000704787,25.4,6350
C120300125,당근계란볶음,R210-003000001-0000,25,달걀,1000520018,4.105555556,102.6388889
C120300125,당근계란볶음,R106-041007601-0000,50,당근,1000006481,1.54,77
C120300125,당근계란볶음,R103-011020000-0000,2,백설탕,1000612561,1.438666667,2.877333333
C120300125,당근계란볶음,R318-020030000-0000,0.5,소금,1000736517,1.43,0.715
C120300125,당근계란볶음,P107-101010100-0023,2,식용유,1000641822,2.588888889,5.177777778
C120300125,당근계란볶음,P112-004000400-0041,5,진간장,1000453770,1.347692308,6.738461538
C120300125,당근계란볶음,R114-020000000-0000,3,참기름,1000697992,10.10555556,30.31666667
C150100087,시금치나물,R118-001030000-0000,1.5,간장(재래),1000453770,1.347692308,2.021538462
C150100087,시금치나물,R105-026020058-0000,1,깨소금(가루),1000736517,1.43,1.43
C150100087,시금치나물,R106-053002201-0000,1,마늘,1000006845,5.68,5.68
C150100087,시금치나물,R318-020030000-0000,1,소금,1000736517,1.43,1.43
C150100087,시금치나물,R106-115000001-0000,55,시금치,1000006689,6.68,367.4
C150100087,시금치나물,R114-020000000-0000,1,참기름,1000697992,10.10555556,10.10555556
C150200040,무장아찌무침,R118-007000006-0000,2,고춧가루,1000020371,5.514705882,11.02941176
C150200040,무장아찌무침,R105-026020058-0000,0.5,깨소금(가루),1000736517,1.43,0.715
C150200040,무장아찌무침,R106-191040001-0000,1,대파,1000007015,3.38,3.38
C150200040,무장아찌무침,R106-053002201-0000,1,마늘,1000006845,5.68,5.68
C150200040,무장아찌무침,D317-700000000-0001,20,무장아찌,1000453857,4.81,96.2
C150200040,무장아찌무침,R318-020030000-0000,1,소금,1000736517,1.43,1.43
C150200040,무장아찌무침,R114-020000000-0000,1,참기름,1000697992,10.10555556,10.10555556
C170100001,배추김치,R106-004000001-0000,1,갓,1000006752,4.6,4.6
C170100001,배추김치,R118-007000006-0000,2,고춧가루,1000020371,5.514705882,11.02941176
C170100001,배추김치,R318-020000000-0000,0.3,굵은소금,1000736517,1.43,0.429
C170100001,배추김치,R318-020000000-0000,3,굵은소금(절임용),1000736517,1.43,4.29
C170100001,배추김치,R106-053002201-0000,1,마늘(다진것),1000006845,5.68,5.68
C170100001,배추김치,R211-105034077-0000,1,멸치액젓,1000741926,1.266666667,1.266666667
C170100001,배추김치,R106-065027601-0000,6,무,1000622538,2.06,12.36
C170100001,배추김치,R106-077030001-0000,5,미나리,1000006800,8.44,42.2
C170100001,배추김치,R106-087003401-0000,40,배추,1000622543,1.89,75.6
C170100001,배추김치,R103-011020000-0000,0.5,백설탕,1000612561,1.438666667,0.719333333
C170100001,배추김치,R211-717254071-0000,1,새우젓,1000642504,28.5,28.5
C170100001,배추김치,R106-101002501-0000,0.5,생강(다진것),1000702726,16.66666667,8.333333333
C170100001,배추김치,R106-191030001-0000,1,쪽파,1000007032,11.02,11.02
A010100001,쌀밥,R101-008000301-0000,90,백미,1000119514,2.6385,237.465
B050300046,명란미역국,R211-107034374-0000,10,명란젓(저염),1000010024,9.93,99.3
B050300046,명란미역국,R118-001030000-0000,2,국간장,1000453770,1.347692308,2.695384615
B050300046,명란미역국,R106-053002201-0000,1,마늘(다진것),1000006845,5.68,5.68
B050300046,명란미역국,P113-204020100-0003,5,맛술,1000710375,4.261111111,21.30555556
B050300046,명란미역국,P113-204020100-0003,5,맛술,1000017506,1.469444444,7.347222222
B050300046,명란미역국,R318-020030000-0000,0.3,소금,1000736517,1.43,0.429
B050300046,명란미역국,R114-020000000-0000,1,참기름,1000697992,10.10555556,10.10555556
B050300046,명란미역국,R112-829013901-0766,3,미역(말린것),1000685496,15.94,47.82
C130200055,돈육장조림,R209-014008301-0000,60,돼지고기(등심),1000710109,10.61,636.6
C130200055,돈육장조림,P104-601060100-0002,3,물엿,1000018123,2.024,6.072
C130200055,돈육장조림,R106-101002501-0000,1,생강,1000702726,16.66666667,16.66666667
C130200055,돈육장조림,R106-132000001-0000,10,양파,1000006975,2.86,28.6
C130200055,돈육장조림,P112-004000400-0041,10,진간장,1000453770,1.347692308,13.47692308
C130200055,돈육장조림,P115-103010300-0001,5,청주,쿠팡5,34.59459459,172.972973
C120300419,애호박채볶음,R106-191040001-0000,3,대파(다진것),1000007015,3.38,10.14
C120300419,애호박채볶음,R106-053002201-0000,2,마늘(다진것),1000006845,5.68,11.36
C120300419,애호박채볶음,R318-020030000-0000,0.25,소금,1000736517,1.43,0.3575
C120300419,애호박채볶음,P107-101010100-0023,2,식용유,1000641822,2.588888889,5.177777778
C120300419,애호박채볶음,R106-198050001-0000,50,애호박,1000006630,6.17,308.5
C120300419,애호박채볶음,P104-701030200-0002,2,올리고당,1000718891,3.7,7.4
C120300419,애호박채볶음,R114-020000000-0000,1,참기름,1000697992,10.10555556,10.10555556
C120300419,애호박채볶음,R105-026020058-0000,0.5,참깨,1000736517,1.43,0.715
C120300419,애호박채볶음,R211-029014077-0000,1.491666667,참치액,1000738230,5.233333333,7.806388891
C190100004,고추장아찌,R118-001030000-0000,5,간장(재래),1000453770,1.347692308,6.738461538
C190100004,고추장아찌,R103-011020000-0000,1,백설탕,1000612561,1.438666667,1.438666667
C190100004,고추장아찌,P113-101010100-0025,1,양조식초,1000743997,0.758,0.758
C190100004,고추장아찌,R106-018073101-0000,20,풋고추,1000006540,6.4,128
C170100001,배추김치,R106-004000001-0000,1,갓,1000006752,4.6,4.6
C170100001,배추김치,R118-007000006-0000,2,고춧가루,1000020371,5.514705882,11.02941176
C170100001,배추김치,R318-020000000-0000,0.3,굵은소금,1000736517,1.43,0.429
C170100001,배추김치,R318-020000000-0000,3,굵은소금(절임용),1000736517,1.43,4.29
C170100001,배추김치,R106-053002201-0000,1,마늘(다진것),1000006845,5.68,5.68
C170100001,배추김치,R211-105034077-0000,1,멸치액젓,1000741926,1.266666667,1.266666667
C170100001,배추김치,R106-065027601-0000,6,무,1000622538,2.06,12.36
C170100001,배추김치,R106-077030001-0000,5,미나리,1000006800,8.44,42.2
C170100001,배추김치,R106-087003401-0000,40,배추,1000622543,1.89,75.6
C170100001,배추김치,R103-011020000-0000,0.5,백설탕,1000612561,1.438666667,0.719333333
C170100001,배추김치,R211-717254071-0000,1,새우젓,1000642504,28.5,28.5
C170100001,배추김치,R106-101002501-0000,0.5,생강(다진것),1000702726,16.66666667,8.333333333
C170100001,배추김치,R106-191030001-0000,1,쪽파,1000007032,11.02,11.02
A010100001,쌀밥,R101-008000301-0000,90,백미,1000119514,2.6385,237.465
B051000018,명란순두부국,R112-819015102-1273,1.5,다시마,1000704787,25.4,38.1
B051000018,명란순두부국,R106-191040001-0000,5,대파,1000007015,3.38,16.9
B051000018,명란순두부국,R211-107034374-0000,10,명란젓,1000010024,9.93,99.3
B051000018,명란순두부국,P106-001000100-0115,75,순두부,1000152539,1.39,104.25
A010600033,쇠고기나물비빔밥,R101-008000301-0000,80,백미,1000119514,2.6385,211.08
A010600033,쇠고기나물비빔밥,P107-101010100-0023,5,식용유,1000641822,2.588888889,12.94444444
A010600033,쇠고기나물비빔밥,R103-011020000-0000,1,백설탕,1000612561,1.438666667,1.438666667
A010600033,쇠고기나물비빔밥,R106-016000001-0000,10,고사리(생것),1000007267,8.22,82.2
A010600033,쇠고기나물비빔밥,P112-010001000-0005,10,고추장,1000006560,9.54,95.4
A010600033,쇠고기나물비빔밥,R118-001030000-0000,5,국간장,1000453770,1.347692308,6.738461538
A010600033,쇠고기나물비빔밥,R210-003000001-0000,50,달걀,1000520018,4.105555556,205.2777778
A010600033,쇠고기나물비빔밥,R106-191040001-0000,3,대파(다진것),1000007015,3.38,10.14
A010600033,쇠고기나물비빔밥,R106-044007601-0000,10,도라지,1000007300,8.83,88.3
A010600033,쇠고기나물비빔밥,R106-053002201-0000,1,마늘(다진것),1000006845,5.68,5.68
A010600033,쇠고기나물비빔밥,R106-077030001-0000,5,미나리,1000006800,8.44,42.2
A010600033,쇠고기나물비빔밥,R318-020030000-0000,0.3,소금,1000736517,1.43,0.429
A010600033,쇠고기나물비빔밥,R106-112000001-0000,10,숙주,1000162975,1.55,15.5
A010600033,쇠고기나물비빔밥,R114-020000000-0000,3,참기름,1000697992,10.10555556,30.31666667
A010600033,쇠고기나물비빔밥,P106-004000400-0078,10,청포묵,1000688563,2.5,25
A010600033,쇠고기나물비빔밥,R106-182000001-0000,10,콩나물,1000623275,1,10
A010600033,쇠고기나물비빔밥,R209-027071801-0000,30,쇠고기(양지),1000007815,16.98,509.4
A010600033,쇠고기나물비빔밥,R209-014008701-0000,10,돼지고기(안심),1000610934,7.56,75.6
C120100501,황태채볶음,R105-026010058-0000,0.5,검정깨,1000673692,5.23,2.615
C120100501,황태채볶음,R103-003000000-0000,8,꿀,1000601123,12.74,101.92
C120100501,황태채볶음,R106-191040001-0000,1.483333333,대파(다진것),1000007015,3.38,5.013666666
C120100501,황태채볶음,R106-053002201-0000,2,마늘(절편),1000006845,5.68,11.36
C120100501,황태채볶음,R103-011020000-0000,4,백설탕,1000612561,1.438666667,5.754666667
C120100501,황태채볶음,R318-020030000-0000,2.5,소금,1000736517,1.43,3.575
C120100501,황태채볶음,R114-017000000-0000,4,올리브유,1000614933,24.5,98
C120100501,황태채볶음,P113-206020400-0184,2.5,쯔유,1000662095,8.81,22.025
C120100501,황태채볶음,R114-020000000-0000,4,참기름,1000697992,10.10555556,40.42222222
C120100501,황태채볶음,P115-103010300-0001,5,청주,쿠팡5,34.59459459,172.972973
C120100501,황태채볶음,R211-107034037-0000,20,황태(채),1000002369,26.5,530
C101000002,김구이,R112-813033902-0000,2,김(말린것),1000712372,78.5,157
C101000002,김구이,R318-020030000-0000,0.5,소금,1000736517,1.43,0.715
C101000002,김구이,R114-020000000-0000,3,참기름,1000697992,10.10555556,30.31666667
C170100001,배추김치,R106-004000001-0000,1,갓,1000006752,4.6,4.6
C170100001,배추김치,R118-007000006-0000,2,고춧가루,1000020371,5.514705882,11.02941176
C170100001,배추김치,R318-020000000-0000,0.3,굵은소금,1000736517,1.43,0.429
C170100001,배추김치,R318-020000000-0000,3,굵은소금(절임용),1000736517,1.43,4.29
C170100001,배추김치,R106-053002201-0000,1,마늘(다진것),1000006845,5.68,5.68
C170100001,배추김치,R211-105034077-0000,1,멸치액젓,1000741926,1.266666667,1.266666667
C170100001,배추김치,R106-065027601-0000,6,무,1000622538,2.06,12.36
C170100001,배추김치,R106-077030001-0000,5,미나리,1000006800,8.44,42.2
C170100001,배추김치,R106-087003401-0000,40,배추,1000622543,1.89,75.6
C170100001,배추김치,R103-011020000-0000,0.5,백설탕,1000612561,1.438666667,0.719333333
C170100001,배추김치,R211-717254071-0000,1,새우젓,1000642504,28.5,28.5
C170100001,배추김치,R106-101002501-0000,0.5,생강(다진것),1000702726,16.66666667,8.333333333
C170100001,배추김치,R106-191030001-0000,1,쪽파,1000007032,11.02,11.02
C140500006,고구마맛탕,R102-006150001-0000,130,고구마,1000165005,3.16,410.8
C140500006,고구마맛탕,P104-601060100-0002,5,물엿,1000018123,2.024,10.12
C140500006,고구마맛탕,R103-011020000-0000,5,백설탕,1000612561,1.438666667,7.193333333
C140500006,고구마맛탕,P107-101010100-0023,8,콩기름,1000641822,2.588888889,20.71111111
A010100001,쌀밥,R101-008000301-0000,90,백미,1000119514,2.6385,237.465
B050900038,들깨무채국,R106-065027601-0000,50,무,1000622538,2.06,103
B050900038,들깨무채국,R211-105034077-0000,9,멸치액젓,1000741926,1.266666667,11.4
B050900038,들깨무채국,R105-005000058-0000,7,들깨가루,1000615006,12.72,89.04
B050900038,들깨무채국,R106-191040001-0000,5.5,대파,1000007015,3.38,18.59
B050900038,들깨무채국,R106-018080001-0000,5,청양고추,1000006550,9.07,45.35
B050900038,들깨무채국,R106-053002201-0000,5,마늘,1000006845,5.68,28.4
B050900038,들깨무채국,DB 없음,250,육수,1000704787,25.4,6350
C100100019,고등어소금구이,R211-021014001-1198,70,고등어,1000695275,5.244444444,367.1111111
C100100019,고등어소금구이,R318-020030000-0000,0.2,소금,1000736517,1.43,0.286
C100100019,고등어소금구이,P107-101010100-0023,3,콩기름,1000641822,2.588888889,7.766666667
C120100318,어묵양파볶음,R106-053002201-0000,2,마늘(다진것),1000006845,5.68,11.36
C120100318,어묵양파볶음,P120-104010400-0167,60,사각어묵,1000015700,3.05,183
C120100318,어묵양파볶음,R318-020030000-0000,0.3,소금,1000736517,1.43,0.429
C120100318,어묵양파볶음,R106-132000001-0000,20,양파,1000006975,2.86,57.2
C120100318,어묵양파볶음,P104-701030200-0002,2.5,올리고당,1000718891,3.7,9.25
C120100318,어묵양파볶음,P112-004000400-0041,5,진간장,1000453770,1.347692308,6.738461538
C120100318,어묵양파볶음,R114-020000000-0000,3.5,참기름,1000697992,10.10555556,35.36944444
C150200097,참나물무침,R118-007000006-0000,2,고춧가루,1000020371,5.514705882,11.02941176
C150200097,참나물무침,R105-026020058-0000,0.5,깨소금(가루),1000736517,1.43,0.715
C150200097,참나물무침,R106-053002201-0000,1,마늘,1000006845,5.68,5.68
C150200097,참나물무침,R103-011020000-0000,1,백설탕,1000612561,1.438666667,1.438666667
C150200097,참나물무침,P113-101010100-0025,1,양조식초,1000743997,0.758,0.758
C150200097,참나물무침,P112-004000400-0041,2,진간장,1000453770,1.347692308,2.695384615
C150200097,참나물무침,R114-020000000-0000,1,참기름,1000697992,10.10555556,10.10555556
C150200097,참나물무침,R106-171020001-0000,40,참나물,1000006818,3.49,139.6
C170100001,배추김치,R106-004000001-0000,1,갓,1000006752,4.6,4.6
C170100001,배추김치,R118-007000006-0000,2,고춧가루,1000020371,5.514705882,11.02941176
C170100001,배추김치,R318-020000000-0000,0.3,굵은소금,1000736517,1.43,0.429
C170100001,배추김치,R318-020000000-0000,3,굵은소금(절임용),1000736517,1.43,4.29
C170100001,배추김치,R106-053002201-0000,1,마늘(다진것),1000006845,5.68,5.68
C170100001,배추김치,R211-105034077-0000,1,멸치액젓,1000741926,1.266666667,1.266666667
C170100001,배추김치,R106-065027601-0000,6,무,1000622538,2.06,12.36
C170100001,배추김치,R106-077030001-0000,5,미나리,1000006800,8.44,42.2
C170100001,배추김치,R106-087003401-0000,40,배추,1000622543,1.89,75.6
C170100001,배추김치,R103-011020000-0000,0.5,백설탕,1000612561,1.438666667,0.719333333
C170100001,배추김치,R211-717254071-0000,1,새우젓,1000642504,28.5,28.5
C170100001,배추김치,R106-101002501-0000,0.5,생강(다진것),1000702726,16.66666667,8.333333333
C170100001,배추김치,R106-191030001-0000,1,쪽파,1000007032,11.02,11.02
A010100001,쌀밥,R101-008000301-0000,90,백미,1000119514,2.6385,237.465
B050500164,어묵국,P120-104010400-0167,50,어묵,1000015700,3.05,152.5
B050500164,어묵국,R106-191040001-0000,5,대파,1000007015,3.38,16.9
B050500164,어묵국,R106-018008101-0000,3,홍고추,1000006560,9.54,28.62
B050500164,어묵국,P115-103010300-0001,3.5,청주,쿠팡5,34.59459459,121.0810811
B050500164,어묵국,R118-001030000-0000,3.5,간장(재래),1000453770,1.347692308,4.716923077
B050500164,어묵국,P113-204020100-0003,3.5,맛술,1000710375,4.261111111,14.91388889
B050500164,어묵국,P113-204020100-0003,3.5,맛술,1000017506,1.469444444,5.143055556
B050500164,어묵국,R318-020030000-0000,0.5,소금,1000736517,1.43,0.715
B050500164,어묵국,DB 없음,200,육수,1000704787,25.4,5080
C090700004,계란찜,R210-003000001-0000,50,달걀,1000520018,4.105555556,205.2777778
C090700004,계란찜,R106-041007601-0000,20,당근,1000006481,1.54,30.8
C090700004,계란찜,R106-191040001-0000,5,대파(다진것),1000007015,3.38,16.9
C090700004,계란찜,R103-011020000-0000,0.5,백설탕,1000612561,1.438666667,0.719333333
C090700004,계란찜,P113-204020100-0002,1,분말조미료(쇠고기),1000601112,3.925,3.925
C090700004,계란찜,R318-020030000-0000,1,소금,1000736517,1.43,1.43
C090700004,계란찜,R106-115000001-0000,5,시금치,1000006689,6.68,33.4
C090700004,계란찜,P116-709070200-0001,12,옥수수(통조림),1000751545,2.042253521,24.50704225
C090700004,계란찜,R118-041010006-0000,0.15,후춧가루,1000520223,25.51111111,3.826666667
C130800008,새송이버섯조림,R106-191040001-0000,3,대파,1000007015,3.38,10.14
C130800008,새송이버섯조림,R106-053002201-0000,2,마늘(다진것),1000006845,5.68,11.36
C130800008,새송이버섯조림,P113-204020100-0003,5,미림,1000710375,4.261111111,21.30555556
C130800008,새송이버섯조림,P113-204020100-0003,5,미림,1000017506,1.469444444,7.347222222
C130800008,새송이버섯조림,R107-023000001-0000,50,새송이버섯,1000007225,5.96,298
C130800008,새송이버섯조림,R106-132000001-0000,10,양파,1000006975,2.86,28.6
C130800008,새송이버섯조림,P104-701030200-0002,5,올리고당,1000718891,3.7,18.5
C130800008,새송이버섯조림,P112-004000400-0041,10,진간장,1000453770,1.347692308,13.47692308
C120300453,여주굴소스볶음,P113-206020400-0041,4,굴소스,1000703411,3.458333333,13.83333333
C120300453,여주굴소스볶음,R318-020030000-0000,0.3,소금,1000736517,1.43,0.429
C120300453,여주굴소스볶음,P107-101010100-0023,4,식용유,1000641822,2.588888889,10.35555556
C120300453,여주굴소스볶음,R106-132000001-0000,10,양파,1000006975,2.86,28.6
C120300453,여주굴소스볶음,R106-140000001-0000,50,여주,쿠팡3,26.46,1323
C120300453,여주굴소스볶음,R106-194008101-0000,10,파프리카(황색),1000007574,7.33,73.3
C120300453,여주굴소스볶음,R118-041010006-0000,0.075,후춧가루,1000520223,25.51111111,1.913333333
C170100001,배추김치,R106-004000001-0000,1,갓,1000006752,4.6,4.6
C170100001,배추김치,R118-007000006-0000,2,고춧가루,1000020371,5.514705882,11.02941176
C170100001,배추김치,R318-020000000-0000,0.3,굵은소금,1000736517,1.43,0.429
C170100001,배추김치,R318-020000000-0000,3,굵은소금(절임용),1000736517,1.43,4.29
C170100001,배추김치,R106-053002201-0000,1,마늘(다진것),1000006845,5.68,5.68
C170100001,배추김치,R211-105034077-0000,1,멸치액젓,1000741926,1.266666667,1.266666667
C170100001,배추김치,R106-065027601-0000,6,무,1000622538,2.06,12.36
C170100001,배추김치,R106-077030001-0000,5,미나리,1000006800,8.44,42.2
C170100001,배추김치,R106-087003401-0000,40,배추,1000622543,1.89,75.6
C170100001,배추김치,R103-011020000-0000,0.5,백설탕,1000612561,1.438666667,0.719333333
C170100001,배추김치,R211-717254071-0000,1,새우젓,1000642504,28.5,28.5
C170100001,배추김치,R106-101002501-0000,0.5,생강(다진것),1000702726,16.66666667,8.333333333
C170100001,배추김치,R106-191030001-0000,1,쪽파,1000007032,11.02,11.02
A010100001,쌀밥,R101-008000301-0000,90,백미,1000119514,2.6385,237.465
B050300074,쇠고기미역국,R112-829013901-0766,5,미역(말린것),1000685496,15.94,79.7
B050300074,쇠고기미역국,R209-027071801-0000,25,쇠고기(양지),1000007815,16.98,424.5
B050300074,쇠고기미역국,R118-001030000-0000,4.5,국간장,1000453770,1.347692308,6.064615385
B050300074,쇠고기미역국,R106-053002201-0000,2,마늘(다진것),1000006845,5.68,11.36
B050300074,쇠고기미역국,R114-020000000-0000,1,참기름,1000697992,10.10555556,10.10555556
B050300074,쇠고기미역국,R318-020030000-0000,0.3,소금,1000736517,1.43,0.429
A010500239,마파두부덮밥,R103-011020000-0000,3,백설탕,1000612561,1.438666667,4.316
A010500239,마파두부덮밥,P113-206020400-0041,5,굴소스,1000703411,3.458333333,17.29166667
A010500239,마파두부덮밥,R102-014010006-0000,3,감자전분,1000177074,2.495,7.485
A010500239,마파두부덮밥,R106-053002201-0000,2,마늘,1000006845,5.68,11.36
A010500239,마파두부덮밥,R106-101002501-0000,2,생강,1000702726,16.66666667,33.33333333
A010500239,마파두부덮밥,P107-101010100-0023,5,식용유,1000641822,2.588888889,12.94444444
A010500239,마파두부덮밥,R101-008000301-0000,80,백미,1000119514,2.6385,211.08
A010500239,마파두부덮밥,R118-001030000-0000,1,간장(재래),1000453770,1.347692308,1.347692308
A010500239,마파두부덮밥,R106-191040001-0000,5,대파,1000007015,3.38,16.9
A010500239,마파두부덮밥,P106-001000100-0001,60,두부,1000152538,1.896666667,113.8
A010500239,마파두부덮밥,P104-601060100-0002,2,물엿,1000018123,2.024,4.048
A010500239,마파두부덮밥,R318-020030000-0000,1,소금,1000736517,1.43,1.43
A010500239,마파두부덮밥,P112-013001300-0099,10,쌈장,1000730224,10.75,107.5
A010500239,마파두부덮밥,R106-132000001-0000,10,양파,1000006975,2.86,28.6
A010500239,마파두부덮밥,P115-103010300-0001,5,청주,쿠팡5,34.59459459,172.972973
A010500239,마파두부덮밥,R106-194008101-0000,5,파프리카(적색),1000007574,7.33,36.65
A010500239,마파두부덮밥,R106-196008301-0000,5,피망(녹색),1000006577,7.21,36.05
A010500239,마파두부덮밥,R209-014008601-0000,20,돼지고기(살코기),1000008287,7.3,146
A031300117,춘권,R209-014008301-0000,20,돼지고기(등심),1000710109,10.61,212.2
A031300117,춘권,R210-003000001-0000,50,달걀,1000520018,4.105555556,205.2777778
A031300117,춘권,R106-101002501-0000,1,생강,1000702726,16.66666667,16.66666667
A031300117,춘권,R106-053002201-0000,1,마늘,1000006845,5.68,5.68
A031300117,춘권,R102-007010002-0000,5,당면,1000697413,11.33,56.65
A031300117,춘권,R318-020030000-0000,1,소금,1000736517,1.43,1.43
A031300117,춘권,R106-112000001-0000,20,숙주,1000162975,1.55,31
A031300117,춘권,P112-004000400-0041,5,진간장,1000453770,1.347692308,6.738461538
A031300117,춘권,R102-014010006-0000,5,감자전분,1000177074,2.495,12.475
A031300117,춘권,R106-091040001-0000,5,부추,1000006757,8.73,43.65
A031300117,춘권,P106-001000100-0001,20,두부,1000152538,1.896666667,37.93333333
A031300117,춘권,P107-101010100-0023,5,식용유,1000641822,2.588888889,12.94444444
A031300117,춘권,R118-041010006-0000,0.105,후춧가루,1000520223,25.51111111,2.678666667
A031300117,춘권,R101-016080006-0000,25,밀가루(중력분),1000179226,38.38,959.5
C160100096,양상추샐러드,R210-003000001-0000,15,달걀,1000520018,4.105555556,61.58333333
C160100096,양상추샐러드,P113-202020200-0001,10,마요네즈,1000675399,3.625,36.25
C160100096,양상추샐러드,R106-186010001-0000,30,방울토마토,1000134895,11.31,339.3
C160100096,양상추샐러드,R106-101143601-0000,30,양상추,1000605968,5.28,158.4
C160100096,양상추샐러드,R106-148010001-0000,10,오이,1000623931,5.3,53
C160100096,양상추샐러드,P116-702070100-0020,10,오이피클,1000623931,5.3,53
C160100096,양상추샐러드,P113-203020300-0007,10,토마토케첩,1000665985,7.4,74
C160100096,양상추샐러드,R106-196008301-0000,10,피망(녹색),1000006577,7.21,72.1
C170100001,배추김치,R106-004000001-0000,1,갓,1000006752,4.6,4.6
C170100001,배추김치,R118-007000006-0000,2,고춧가루,1000020371,5.514705882,11.02941176
C170100001,배추김치,R318-020000000-0000,0.3,굵은소금,1000736517,1.43,0.429
C170100001,배추김치,R318-020000000-0000,3,굵은소금(절임용),1000736517,1.43,4.29
C170100001,배추김치,R106-053002201-0000,1,마늘(다진것),1000006845,5.68,5.68
C170100001,배추김치,R211-105034077-0000,1,멸치액젓,1000741926,1.266666667,1.266666667
C170100001,배추김치,R106-065027601-0000,6,무,1000622538,2.06,12.36
C170100001,배추김치,R106-077030001-0000,5,미나리,1000006800,8.44,42.2
C170100001,배추김치,R106-087003401-0000,40,배추,1000622543,1.89,75.6
C170100001,배추김치,R103-011020000-0000,0.5,백설탕,1000612561,1.438666667,0.719333333
C170100001,배추김치,R211-717254071-0000,1,새우젓,1000642504,28.5,28.5
C170100001,배추김치,R106-101002501-0000,0.5,생강(다진것),1000702726,16.66666667,8.333333333
C170100001,배추김치,R106-191030001-0000,1,쪽파,1000007032,11.02,11.02
R108-010020001-0000,귤_온주밀감_생것,R108-010020001-0000,100,귤_온주밀감_생것,1000734393,5.59,559
A010100001,쌀밥,R101-008000301-0000,90,백미,1000119514,2.6385,237.465
B060300023,닭곰탕,R209-008008601-0000,80,닭(뼈포함),1000681231,4.81,384.8
B060300023,닭곰탕,R106-053002201-0000,2,마늘,1000006845,5.68,11.36
B060300023,닭곰탕,R106-065027601-0000,50,무,1000622538,2.06,103
B060300023,닭곰탕,R106-132000001-0000,10,양파,1000006975,2.86,28.6
B060300023,닭곰탕,R106-191040001-0000,10,대파,1000007015,3.38,33.8
B060300023,닭곰탕,R118-041010006-0000,0.075,후춧가루,1000520223,25.51111111,1.913333333
C090100122,오징어숙회,P112-010001000-0005,10,고추장,1000006560,9.54,95.4
C090100122,오징어숙회,R106-053002201-0000,1,마늘(다진것),1000006845,5.68,5.68
C090100122,오징어숙회,P109-802080200-0053,3.96,매실농축액,1000004473,4.233333333,16.764
C090100122,오징어숙회,R106-092000001-0000,25,브로콜리,1000007463,6.7,167.5
C090100122,오징어숙회,P113-101010100-0025,4.5,식초,1000743997,0.758,3.411
C090100122,오징어숙회,R211-667114001-0000,60,오징어,1000684811,11.14,668.4
C090100122,오징어숙회,R114-020000000-0000,1.5,참기름,1000697992,10.10555556,15.15833333
C090100122,오징어숙회,R105-026020058-0000,0.99,참깨(부순것),1000736517,1.43,1.4157
C120500020,감자채참치볶음,R102-001140001-0000,50,감자,1000152013,2.24,112
C120500020,감자채참치볶음,R318-020030000-0000,0.3,소금,1000736517,1.43,0.429
C120500020,감자채참치볶음,P107-101010100-0023,4,식용유,1000641822,2.588888889,10.35555556
C120500020,감자채참치볶음,R211-059014029-0000,20,참치(통조림),1000510867,9.281914894,185.6382979
C120500020,감자채참치볶음,R118-041010006-0000,0.075,후춧가루,1000520223,25.51111111,1.913333333
C150200044,미나리무침,R118-001030000-0000,3,국간장,1000453770,1.347692308,4.043076923
C150200044,미나리무침,R105-026020058-0000,1,깨소금,1000736517,1.43,1.43
C150200044,미나리무침,R106-191040001-0000,1,대파(다진것),1000007015,3.38,3.38
C150200044,미나리무침,R106-053002201-0000,2,마늘(다진것),1000006845,5.68,11.36
C150200044,미나리무침,R106-077030001-0000,60,미나리,1000006800,8.44,506.4
C150200044,미나리무침,R103-011020000-0000,1,백설탕,1000612561,1.438666667,1.438666667
C150200044,미나리무침,R318-020030000-0000,2,소금,1000736517,1.43,2.86
C150200044,미나리무침,R106-018008101-0000,0.5,실고추,1000006560,9.54,4.77
C150200044,미나리무침,R114-020000000-0000,2,참기름,1000697992,10.10555556,20.21111111
C170100001,배추김치,R106-004000001-0000,1,갓,1000006752,4.6,4.6
C170100001,배추김치,R118-007000006-0000,2,고춧가루,1000020371,5.514705882,11.02941176
C170100001,배추김치,R318-020000000-0000,0.3,굵은소금,1000736517,1.43,0.429
C170100001,배추김치,R318-020000000-0000,3,굵은소금(절임용),1000736517,1.43,4.29
C170100001,배추김치,R106-053002201-0000,1,마늘(다진것),1000006845,5.68,5.68
C170100001,배추김치,R211-105034077-0000,1,멸치액젓,1000741926,1.266666667,1.266666667
C170100001,배추김치,R106-065027601-0000,6,무,1000622538,2.06,12.36
C170100001,배추김치,R106-077030001-0000,5,미나리,1000006800,8.44,42.2
C170100001,배추김치,R106-087003401-0000,40,배추,1000622543,1.89,75.6
C170100001,배추김치,R103-011020000-0000,0.5,백설탕,1000612561,1.438666667,0.719333333
C170100001,배추김치,R211-717254071-0000,1,새우젓,1000642504,28.5,28.5
C170100001,배추김치,R106-101002501-0000,0.5,생강(다진것),1000702726,16.66666667,8.333333333
C170100001,배추김치,R106-191030001-0000,1,쪽파,1000007032,11.02,11.02
A010100001,쌀밥,R101-008000301-0000,90,백미,1000119514,2.6385,237.465
B050100040,공심채된장국,R106-024000001-0000,50,공심채(데친것),1000765403,23.26,1163
B050100040,공심채된장국,P112-009000900-0006,10,된장,1000730250,1.753571429,17.53571429
B050100040,공심채된장국,R209-040007301-0000,35,오리고기(살코기),1000008683,10.32,361.2
B050100040,공심채된장국,DB 없음,1.5,천연조미료가루,1000704787,25.4,38.1
B050100040,공심채된장국,R106-053002201-0000,2.5,마늘(다진것),1000006845,5.68,14.2
B050100040,공심채된장국,R106-191040001-0000,3,대파,1000007015,3.38,10.14
C100200089,떡갈비,R118-001030000-0000,8,국간장,1000453770,1.347692308,10.78153846
C100200089,떡갈비,R106-191040001-0000,5,대파(다진것),1000007015,3.38,16.9
C100200089,떡갈비,R106-053002201-0000,4,마늘(다진것),1000006845,5.68,22.72
C100200089,떡갈비,R103-011020000-0000,4,백설탕,1000612561,1.438666667,5.754666667
C100200089,떡갈비,R318-020030000-0000,1,소금,1000736517,1.43,1.43
C100200089,떡갈비,R209-027078101-0000,150,쇠고기(갈비살),1000005089,24.53,3679.5
C100200089,떡갈비,R114-020000000-0000,10,참기름,1000697992,10.10555556,101.0555556
C150200115,상추무침,R103-011020000-0000,0.5,백설탕,1000612561,1.438666667,0.719333333
C150200115,상추무침,R105-026020058-0000,0.5,깨소금(가루),1000736517,1.43,0.715
C150200115,상추무침,R114-020000000-0000,1,참기름,1000697992,10.10555556,10.10555556
C150200115,상추무침,R118-001030000-0000,1,간장(재래),1000453770,1.347692308,1.347692308
C150200115,상추무침,R118-007000006-0000,2,고춧가루,1000020371,5.514705882,11.02941176
C150200115,상추무침,R106-053002201-0000,2,마늘,1000006845,5.68,11.36
C150200115,상추무침,R106-191040001-0000,3,대파,1000007015,3.38,10.14
C150200115,상추무침,R106-041007601-0000,5,당근,1000006481,1.54,7.7
C150200115,상추무침,R106-132000001-0000,10,양파,1000006975,2.86,28.6
C150200115,상추무침,R106-101033601-0000,15,상추,1000007693,4.69,70.35
C120900001,김자반,R112-813033902-0000,8,김(말린것),1000712372,78.5,628
C120900001,김자반,R103-011020000-0000,3,백설탕,1000612561,1.438666667,4.316
C120900001,김자반,R318-020030000-0000,0.25,소금,1000736517,1.43,0.3575
C120900001,김자반,R105-026020058-0000,1,참깨,1000736517,1.43,1.43
C120900001,김자반,R114-026000000-0000,5,포도씨유,1000704684,7.96,39.8
C170100001,배추김치,R106-004000001-0000,1,갓,1000006752,4.6,4.6
C170100001,배추김치,R118-007000006-0000,2,고춧가루,1000020371,5.514705882,11.02941176
C170100001,배추김치,R318-020000000-0000,0.3,굵은소금,1000736517,1.43,0.429
C170100001,배추김치,R318-020000000-0000,3,굵은소금(절임용),1000736517,1.43,4.29
C170100001,배추김치,R106-053002201-0000,1,마늘(다진것),1000006845,5.68,5.68
C170100001,배추김치,R211-105034077-0000,1,멸치액젓,1000741926,1.266666667,1.266666667
C170100001,배추김치,R106-065027601-0000,6,무,1000622538,2.06,12.36
C170100001,배추김치,R106-077030001-0000,5,미나리,1000006800,8.44,42.2
C170100001,배추김치,R106-087003401-0000,40,배추,1000622543,1.89,75.6
C170100001,배추김치,R103-011020000-0000,0.5,백설탕,1000612561,1.438666667,0.719333333
C170100001,배추김치,R211-717254071-0000,1,새우젓,1000642504,28.5,28.5
C170100001,배추김치,R106-101002501-0000,0.5,생강(다진것),1000702726,16.66666667,8.333333333
C170100001,배추김치,R106-191030001-0000,1,쪽파,1000007032,11.02,11.02
A010100001,쌀밥,R101-008000301-0000,90,백미,1000119514,2.6385,237.465
B051300012,온도토리묵사발,R105-004000000-0000,95,도토리묵,1000739886,1.815,172.425
B051300012,온도토리묵사발,D315-670000000-0001,30,배추김치,1000622543,1.89,56.7
B051300012,온도토리묵사발,R210-003000001-0000,25,달걀,1000520018,4.105555556,102.6388889
B051300012,온도토리묵사발,R112-813133914-0000,0.5,김(조미한것),1000712372,68.5,34.25
B051300012,온도토리묵사발,R118-007000006-0000,2,고춧가루,1000020371,5.514705882,11.02941176
B051300012,온도토리묵사발,P112-004000400-0041,5,양조간장,1000453770,1.347692308,6.738461538
B051300012,온도토리묵사발,R106-053002201-0000,0.5,마늘,1000006845,5.68,2.84
B051300012,온도토리묵사발,R106-191030001-0000,3,쪽파,1000007032,11.02,33.06
B051300012,온도토리묵사발,P104-701030200-0002,5,올리고당,1000718891,3.7,18.5
B051300012,온도토리묵사발,R114-020000000-0000,1,참기름,1000697992,10.10555556,10.10555556
B051300012,온도토리묵사발,R105-026020058-0000,0.5,참깨,1000736517,1.43,0.715
B051300012,온도토리묵사발,R106-065027601-0000,30,무(흰부분),1000622538,2.06,61.8
B051300012,온도토리묵사발,R112-819015102-1273,2,다시마(말린것),1000704787,25.4,50.8
B051300012,온도토리묵사발,R106-191040001-0000,10,대파(육수용),1000007015,3.38,33.8
B051300012,온도토리묵사발,DB 없음,5,대파(뿌리_육수용),1000704787,25.4,127
B051300012,온도토리묵사발,R107-027007101-0000,1,표고버섯(말린것_육수용),1000007217,8.28,8.28
B051300012,온도토리묵사발,R211-105033902-0007,3,멸치(육수용),1000695996,3.695,11.085
B051300012,온도토리묵사발,R106-018080001-0000,5,청양고추,1000006550,9.07,45.35
B051300012,온도토리묵사발,R211-717074004-0000,1,새우(말린것),1000453889,4.98,4.98
B051300012,온도토리묵사발,DB 없음,200,멸치육수,1000704787,25.4,5080
C100100017,고등어데리야끼구이,R211-021014001-1198,80,고등어(생것),1000695275,5.244444444,419.5555556
C100100017,고등어데리야끼구이,R102-014010006-0000,5,감자전분,1000177074,2.495,12.475
C100100017,고등어데리야끼구이,R106-191040001-0000,5,대파,1000007015,3.38,16.9
C100100017,고등어데리야끼구이,R106-053002201-0000,5,마늘,1000006845,5.68,28.4
C100100017,고등어데리야끼구이,P104-601060100-0002,7,물엿,1000018123,2.024,14.168
C100100017,고등어데리야끼구이,P113-204020100-0003,5,미림,1000710375,4.261111111,21.30555556
C100100017,고등어데리야끼구이,P113-204020100-0003,5,미림,1000017506,1.469444444,7.347222222
C100100017,고등어데리야끼구이,R103-011020000-0000,4,백설탕,1000612561,1.438666667,5.754666667
C100100017,고등어데리야끼구이,R318-020030000-0000,0.3,소금,1000736517,1.43,0.429
C100100017,고등어데리야끼구이,R106-132000001-0000,20,양파,1000006975,2.86,57.2
C100100017,고등어데리야끼구이,P112-004000400-0041,10,진간장,1000453770,1.347692308,13.47692308
C100100017,고등어데리야끼구이,R118-041010006-0000,0.1,후춧가루,1000520223,25.51111111,2.551111111
C140300012,도라지채소튀김,R102-006150001-0000,70,고구마,1000165005,3.16,221.2
C140300012,도라지채소튀김,R106-041007601-0000,10,당근,1000006481,1.54,15.4
C140300012,도라지채소튀김,R106-044007601-0000,10,도라지,1000007300,8.83,88.3
C140300012,도라지채소튀김,R318-020030000-0000,1.5,소금,1000736517,1.43,2.145
C140300012,도라지채소튀김,P107-101010100-0023,8,식용유,1000641822,2.588888889,20.71111111
C140300012,도라지채소튀김,R106-198050001-0000,40,애호박,1000006630,6.17,246.8
C140300012,도라지채소튀김,P116-708070200-0055,8,튀김가루,1000179226,38.38,307.04
C151000001,냉채,P120-100010400-0035,20,게맛살,1000694017,6.49,129.8
C151000001,냉채,R118-052000006-0000,3,겨자(분말),1000703599,10.43333333,31.3
C151000001,냉채,R210-003000001-0000,20,달걀,1000520018,4.105555556,82.11111111
C151000001,냉채,R106-041007601-0000,20,당근,1000006481,1.54,30.8
C151000001,냉채,R209-014008701-0000,20,돼지고기(안심),1000610934,7.56,151.2
C151000001,냉채,R106-053002201-0000,3,마늘,1000006845,5.68,17.04
C151000001,냉채,R103-011020000-0000,3,백설탕,1000612561,1.438666667,4.316
C151000001,냉채,P113-101010100-0025,2,양조식초,1000743997,0.758,1.516
C151000001,냉채,R106-148010001-0000,20,오이,1000623931,5.3,106
C151000001,냉채,R106-191040001-0000,10,파(실파),1000007015,3.38,33.8
C151000001,냉채,R107-027007101-0000,10,표고버섯,1000007217,8.28,82.8
C151000001,냉채,R211-931034001-0000,20,해파리,1000010053,4.83,96.6
C170100001,배추김치,R106-004000001-0000,1,갓,1000006752,4.6,4.6
C170100001,배추김치,R118-007000006-0000,2,고춧가루,1000020371,5.514705882,11.02941176
C170100001,배추김치,R318-020000000-0000,0.3,굵은소금,1000736517,1.43,0.429
C170100001,배추김치,R318-020000000-0000,3,굵은소금(절임용),1000736517,1.43,4.29
C170100001,배추김치,R106-053002201-0000,1,마늘(다진것),1000006845,5.68,5.68
C170100001,배추김치,R211-105034077-0000,1,멸치액젓,1000741926,1.266666667,1.266666667
C170100001,배추김치,R106-065027601-0000,6,무,1000622538,2.06,12.36
C170100001,배추김치,R106-077030001-0000,5,미나리,1000006800,8.44,42.2
C170100001,배추김치,R106-087003401-0000,40,배추,1000622543,1.89,75.6
C170100001,배추김치,R103-011020000-0000,0.5,백설탕,1000612561,1.438666667,0.719333333
C170100001,배추김치,R211-717254071-0000,1,새우젓,1000642504,28.5,28.5
C170100001,배추김치,R106-101002501-0000,0.5,생강(다진것),1000702726,16.66666667,8.333333333
C170100001,배추김치,R106-191030001-0000,1,쪽파,1000007032,11.02,11.02
B060900005,누룽지탕,R101-013001100-0000,50,누룽지,1000730982,6.01,300.5
B060900005,누룽지탕,R106-167002601-0000,15,죽순(생것),1000000924,1.910714286,28.66071429
B060900005,누룽지탕,R211-717414001-0000,20,새우살,1000642504,28.5,570
B060900005,누룽지탕,R104-008000001-0000,15,완두콩,1000007401,3.32,49.8
B060900005,누룽지탕,R106-018008101-0000,10,홍고추,1000006560,9.54,95.4
B060900005,누룽지탕,R106-053002201-0000,5,마늘,1000006845,5.68,28.4
B060900005,누룽지탕,R318-020030000-0000,0.5,소금,1000736517,1.43,0.715
B060900005,누룽지탕,P107-101010100-0023,8,식용유,1000641822,2.588888889,20.71111111
B060900005,누룽지탕,R103-011020000-0000,10,백설탕,1000612561,1.438666667,14.38666667
B060900005,누룽지탕,R118-001030000-0000,5,간장(재래),1000453770,1.347692308,6.738461538
B060900005,누룽지탕,P113-101010100-0025,10,식초,1000743997,0.758,7.58
B060900005,누룽지탕,R102-014010006-0000,10,전분,1000177074,2.495,24.95
B060900005,누룽지탕,R107-027007101-0000,10,표고버섯,1000007217,8.28,82.8
A010100001,쌀밥,R101-008000301-0000,90,백미,1000119514,2.6385,237.465
B050500142,북어국,R210-003000001-0000,25,달걀,1000520018,4.105555556,102.6388889
B050500142,북어국,R106-053002201-0000,2,마늘,1000006845,5.68,11.36
B050500142,북어국,R211-107054002-0000,15,북어,1000010779,29.2,438
B050500142,북어국,R106-065027601-0000,30,무,1000622538,2.06,61.8
B050500142,북어국,R318-020030000-0000,1,소금,1000736517,1.43,1.43
B050500142,북어국,R114-020000000-0000,3,참기름,1000697992,10.10555556,30.31666667
B050500142,북어국,R106-191040001-0000,3,대파,1000007015,3.38,10.14
C130200042,닭볶음탕,R209-008008601-0000,130,닭(뼈포함),1000681231,4.81,625.3
C130200042,닭볶음탕,R102-001140001-0000,50,감자,1000152013,2.24,112
C130200042,닭볶음탕,P112-010001000-0005,10,고추장,1000006560,9.54,95.4
C130200042,닭볶음탕,R118-007000006-0000,5,고춧가루,1000020371,5.514705882,27.57352941
C130200042,닭볶음탕,R106-041007601-0000,10,당근,1000006481,1.54,15.4
C130200042,닭볶음탕,R106-191040001-0000,5,대파(다진것),1000007015,3.38,16.9
C130200042,닭볶음탕,R106-053002201-0000,3,마늘(다진것),1000006845,5.68,17.04
C130200042,닭볶음탕,R103-011020000-0000,6,백설탕,1000612561,1.438666667,8.632
C130200042,닭볶음탕,R106-101002501-0000,2,생강(다진것),1000702726,16.66666667,33.33333333
C130200042,닭볶음탕,R106-132000001-0000,30,양파,1000006975,2.86,85.8
C130200042,닭볶음탕,P112-004000400-0041,15,진간장,1000453770,1.347692308,20.21538462
C130200042,닭볶음탕,R106-018073101-0000,5,풋고추,1000006540,6.4,32
C130200042,닭볶음탕,R106-018008101-0000,5,홍고추,1000006560,9.54,47.7
C130200042,닭볶음탕,R118-041010006-0000,0.3,후춧가루,1000520223,25.51111111,7.653333333
C130300057,우엉조림,R105-026020058-0000,0.5,깨소금(가루),1000736517,1.43,0.715
C130300057,우엉조림,P104-601060100-0002,3,물엿,1000018123,2.024,6.072
C130300057,우엉조림,R318-020030000-0000,0.3,소금,1000736517,1.43,0.429
C130300057,우엉조림,R106-154000001-0000,25,우엉,1000007249,5.59,139.75
C130300057,우엉조림,P112-004000400-0041,5,진간장,1000453770,1.347692308,6.738461538
C130300057,우엉조림,P115-103010300-0001,2,청주,쿠팡5,34.59459459,69.18918919
C130300057,우엉조림,P107-101010100-0023,3,콩기름,1000641822,2.588888889,7.766666667
C120300526,청경채볶음,P113-206020400-0041,2.97,굴소스,1000703411,3.458333333,10.27125
C120300526,청경채볶음,R106-041007601-0000,10,당근,1000006481,1.54,15.4
C120300526,청경채볶음,R106-053002201-0000,1.98,마늘(다진것),1000006845,5.68,11.2464
C120300526,청경채볶음,R106-132000001-0000,30,양파,1000006975,2.86,85.8
C120300526,청경채볶음,P112-004000400-0041,2.97,진간장,1000453770,1.347692308,4.002646154
C120300526,청경채볶음,R106-175000001-0000,40,청경채,1000007470,3.51,140.4
C120300526,청경채볶음,R118-041010006-0000,0.0594,후춧가루,1000520223,25.51111111,1.51536
C170100001,배추김치,R106-004000001-0000,1,갓,1000006752,4.6,4.6
C170100001,배추김치,R118-007000006-0000,2,고춧가루,1000020371,5.514705882,11.02941176
C170100001,배추김치,R318-020000000-0000,0.3,굵은소금,1000736517,1.43,0.429
C170100001,배추김치,R318-020000000-0000,3,굵은소금(절임용),1000736517,1.43,4.29
C170100001,배추김치,R106-053002201-0000,1,마늘(다진것),1000006845,5.68,5.68
C170100001,배추김치,R211-105034077-0000,1,멸치액젓,1000741926,1.266666667,1.266666667
C170100001,배추김치,R106-065027601-0000,6,무,1000622538,2.06,12.36
C170100001,배추김치,R106-077030001-0000,5,미나리,1000006800,8.44,42.2
C170100001,배추김치,R106-087003401-0000,40,배추,1000622543,1.89,75.6
C170100001,배추김치,R103-011020000-0000,0.5,백설탕,1000612561,1.438666667,0.719333333
C170100001,배추김치,R211-717254071-0000,1,새우젓,1000642504,28.5,28.5
C170100001,배추김치,R106-101002501-0000,0.5,생강(다진것),1000702726,16.66666667,8.333333333
C170100001,배추김치,R106-191030001-0000,1,쪽파,1000007032,11.02,11.02
A010100001,쌀밥,R101-008000301-0000,90,백미,1000119514,2.6385,237.465
B050600076,쇠고기배추국,R209-027071801-0000,35,쇠고기(양지),1000007815,16.98,594.3
B050600076,쇠고기배추국,R106-087003401-0000,60,배추,1000622543,1.89,113.4
B050600076,쇠고기배추국,R106-132000001-0000,10,양파,1000006975,2.86,28.6
B050600076,쇠고기배추국,R118-001030000-0000,4,국간장,1000453770,1.347692308,5.390769231
B050600076,쇠고기배추국,R106-053002201-0000,4,마늘(다진것),1000006845,5.68,22.72
B050600076,쇠고기배추국,R118-041010006-0000,0.075,후춧가루,1000520223,25.51111111,1.913333333
B050600076,쇠고기배추국,R318-020030000-0000,0.5,소금,1000736517,1.43,0.715
C120800034,베이컨버섯볶음,P117-300030000-0015,15,베이컨,1000681260,17.02643172,255.3964758
C120800034,베이컨버섯볶음,R107-023000001-0000,20,새송이버섯,1000007225,5.96,119.2
C120800034,베이컨버섯볶음,R318-020030000-0000,0.5,소금,1000736517,1.43,0.715
C120800034,베이컨버섯볶음,P107-101010100-0023,2,식용유,1000641822,2.588888889,5.177777778
C120800034,베이컨버섯볶음,R106-122000001-0000,20,아스파라거스,1000622859,24.1,482
C120800034,베이컨버섯볶음,R107-027007101-0000,20,표고버섯,1000007217,8.28,165.6
C120800034,베이컨버섯볶음,R118-041010006-0000,0.3,후춧가루,1000520223,25.51111111,7.653333333
C150100136,호박나물,R105-026020058-0000,0.5,깨소금(가루),1000736517,1.43,0.715
C150100136,호박나물,R106-191040001-0000,2,대파,1000007015,3.38,6.76
C150100136,호박나물,R106-053002201-0000,1,마늘,1000006845,5.68,5.68
C150100136,호박나물,R211-717254071-0000,1.5,새우젓,1000642504,28.5,42.75
C150100136,호박나물,R318-020030000-0000,0.5,소금,1000736517,1.43,0.715
C150100136,호박나물,R106-198050001-0000,50,애호박,1000006630,6.17,308.5
C150100136,호박나물,R106-132000001-0000,10,양파,1000006975,2.86,28.6
C150100136,호박나물,R114-020000000-0000,1,참기름,1000697992,10.10555556,10.10555556
C150100136,호박나물,P107-101010100-0023,1.5,콩기름,1000641822,2.588888889,3.883333333
C130600025,콩자반,R104-012080002-0000,30,검정콩,1000673692,5.23,156.9
C130600025,콩자반,R105-026020058-0000,0.3,깨소금,1000736517,1.43,0.429
C130600025,콩자반,R103-011020000-0000,5,백설탕,1000612561,1.438666667,7.193333333
C130600025,콩자반,P112-004000400-0041,10,진간장,1000453770,1.347692308,13.47692308
C130600025,콩자반,R114-020000000-0000,0.5,참기름,1000697992,10.10555556,5.052777778
C170100001,배추김치,R106-004000001-0000,1,갓,1000006752,4.6,4.6
C170100001,배추김치,R118-007000006-0000,2,고춧가루,1000020371,5.514705882,11.02941176
C170100001,배추김치,R318-020000000-0000,0.3,굵은소금,1000736517,1.43,0.429
C170100001,배추김치,R318-020000000-0000,3,굵은소금(절임용),1000736517,1.43,4.29
C170100001,배추김치,R106-053002201-0000,1,마늘(다진것),1000006845,5.68,5.68
C170100001,배추김치,R211-105034077-0000,1,멸치액젓,1000741926,1.266666667,1.266666667
C170100001,배추김치,R106-065027601-0000,6,무,1000622538,2.06,12.36
C170100001,배추김치,R106-077030001-0000,5,미나리,1000006800,8.44,42.2
C170100001,배추김치,R106-087003401-0000,40,배추,1000622543,1.89,75.6
C170100001,배추김치,R103-011020000-0000,0.5,백설탕,1000612561,1.438666667,0.719333333
C170100001,배추김치,R211-717254071-0000,1,새우젓,1000642504,28.5,28.5
C170100001,배추김치,R106-101002501-0000,0.5,생강(다진것),1000702726,16.66666667,8.333333333
C170100001,배추김치,R106-191030001-0000,1,쪽파,1000007032,11.02,11.02
A010100001,쌀밥,R101-008000301-0000,90,백미,1000119514,2.6385,237.465
B080100194,청국장찌개,R106-018073101-0000,3,풋고추,1000006540,6.4,19.2
B080100194,청국장찌개,R118-007000006-0000,1,고춧가루,1000020371,5.514705882,5.514705882
B080100194,청국장찌개,D315-670000000-0001,20,배추김치,1000622543,1.89,37.8
B080100194,청국장찌개,R112-819015102-1273,2,다시마(말린것),1000704787,25.4,50.8
B080100194,청국장찌개,P106-001000100-0001,30,두부,1000152538,1.896666667,56.9
B080100194,청국장찌개,R106-053002201-0000,2,마늘,1000006845,5.68,11.36
B080100194,청국장찌개,R106-065027601-0000,20,무,1000622538,2.06,41.2
B080100194,청국장찌개,R209-027071801-0000,20,쇠고기(양지),1000007815,16.98,339.6
B080100194,청국장찌개,P112-005001200-0004,25,청국장,1000017458,3.625,90.625
B080100194,청국장찌개,R106-191040001-0000,30,대파,1000007015,3.38,101.4
C120200216,돈육고추장불고기,P112-010001000-0005,7,고추장,1000006560,9.54,66.78
C120200216,돈육고추장불고기,R118-007000006-0000,2.5,고춧가루,1000020371,5.514705882,13.78676471
C120200216,돈육고추장불고기,R105-026020058-0000,1,깨소금,1000736517,1.43,1.43
C120200216,돈육고추장불고기,R106-191040001-0000,1,대파(다진것),1000007015,3.38,3.38
C120200216,돈육고추장불고기,R209-014009301-0000,100,돼지고기,1000008287,7.3,730
C120200216,돈육고추장불고기,R106-053002201-0000,2.5,마늘(다진것),1000006845,5.68,14.2
C120200216,돈육고추장불고기,P104-601060100-0002,3.5,물엿,1000018123,2.024,7.084
C120200216,돈육고추장불고기,P113-204020100-0003,5,미림,1000710375,4.261111111,21.30555556
C120200216,돈육고추장불고기,P113-204020100-0003,5,미림,1000017506,1.469444444,7.347222222
C120200216,돈육고추장불고기,R103-011020000-0000,3,백설탕,1000612561,1.438666667,4.316
C120200216,돈육고추장불고기,P112-004000400-0041,5,진간장,1000453770,1.347692308,6.738461538
C120200216,돈육고추장불고기,R114-020000000-0000,2.5,참기름,1000697992,10.10555556,25.26388889
C120200216,돈육고추장불고기,R118-041010006-0000,0.15,후춧가루,1000520223,25.51111111,3.826666667
C160100093,양배추샐러드,R106-041007601-0000,10,당근,1000006481,1.54,15.4
C160100093,양배추샐러드,R106-129000001-0000,50,양배추,1000622545,2.16,108
C160100093,양배추샐러드,P113-205020400-0032,10,이탈리안드레싱,1000759684,4.605,46.05
C160100093,양배추샐러드,R106-129010001-0000,10,적양배추,1000622545,2.16,21.6
C150100103,얼갈이나물,R105-026020058-0000,0.5,깨소금(가루),1000736517,1.43,0.715
C150100103,얼갈이나물,R106-053002201-0000,1,마늘,1000006845,5.68,5.68
C150100103,얼갈이나물,R318-020030000-0000,1,소금,1000736517,1.43,1.43
C150100103,얼갈이나물,R106-136000001-0000,70,얼갈이배추,1000006735,2.03,142.1
C150100103,얼갈이나물,R114-020000000-0000,1,참기름,1000697992,10.10555556,10.10555556
C150100103,얼갈이나물,R106-191040001-0000,1,파(실파),1000007015,3.38,3.38
C170100001,배추김치,R106-004000001-0000,1,갓,1000006752,4.6,4.6
C170100001,배추김치,R118-007000006-0000,2,고춧가루,1000020371,5.514705882,11.02941176
C170100001,배추김치,R318-020000000-0000,0.3,굵은소금,1000736517,1.43,0.429
C170100001,배추김치,R318-020000000-0000,3,굵은소금(절임용),1000736517,1.43,4.29
C170100001,배추김치,R106-053002201-0000,1,마늘(다진것),1000006845,5.68,5.68
C170100001,배추김치,R211-105034077-0000,1,멸치액젓,1000741926,1.266666667,1.266666667
C170100001,배추김치,R106-065027601-0000,6,무,1000622538,2.06,12.36
C170100001,배추김치,R106-077030001-0000,5,미나리,1000006800,8.44,42.2
C170100001,배추김치,R106-087003401-0000,40,배추,1000622543,1.89,75.6
C170100001,배추김치,R103-011020000-0000,0.5,백설탕,1000612561,1.438666667,0.719333333
C170100001,배추김치,R211-717254071-0000,1,새우젓,1000642504,28.5,28.5
C170100001,배추김치,R106-101002501-0000,0.5,생강(다진것),1000702726,16.66666667,8.333333333
C170100001,배추김치,R106-191030001-0000,1,쪽파,1000007032,11.02,11.02
P119-401040100-0049,발효유_떠먹는 요구르트,P119-401040100-0049,80,발효유_떠먹는 요구르트,1000674458,6.235294118,498.8235294
A010100001,쌀밥,R101-008000301-0000,90,백미,1000119514,2.6385,237.465
B050100254,조갯살들깨쑥국,R118-001030000-0000,3,국간장,1000453770,1.347692308,4.043076923
B050100254,조갯살들깨쑥국,R211-105033902-0007,1.5,멸치(국물용),1000695996,3.695,5.5425
B050100254,조갯살들깨쑥국,R105-005000058-0000,10,들깨가루,1000615006,12.72,127.2
B050100254,조갯살들깨쑥국,R106-118000001-0000,30,쑥,1000007136,12.57,377.1
B050100254,조갯살들깨쑥국,R211-485014001-0000,15,바지락살,1000621321,2.98,44.7
B050100254,조갯살들깨쑥국,R118-012040000-0000,7,된장(재래),1000730250,1.753571429,12.275
C100600008,두부구이,P106-001000100-0001,120,두부,1000152538,1.896666667,227.6
C100600008,두부구이,R318-020030000-0000,1.5,소금,1000736517,1.43,2.145
C100600008,두부구이,P107-101010100-0023,7,콩기름,1000641822,2.588888889,18.12222222
C150800015,미역초무침,R118-001030000-0000,2,간장(재래),1000453770,1.347692308,2.695384615
C150800015,미역초무침,R112-829013901-0766,30,미역(생것),1000685496,15.94,478.2
C150800015,미역초무침,R103-011020000-0000,1,백설탕,1000612561,1.438666667,1.438666667
C150800015,미역초무침,R318-020030000-0000,0.5,소금,1000736517,1.43,0.715
C150800015,미역초무침,P113-101010100-0025,2,식초,1000743997,0.758,1.516
C150800015,미역초무침,R106-148010001-0000,20,오이,1000623931,5.3,106
C150800015,미역초무침,R114-020000000-0000,1,참기름,1000697992,10.10555556,10.10555556
C150800015,미역초무침,R105-026020058-0000,1,참깨,1000736517,1.43,1.43
C150200035,무생채,R118-007000006-0000,2,고춧가루,1000020371,5.514705882,11.02941176
C150200035,무생채,R105-026020058-0000,1,깨소금(가루),1000736517,1.43,1.43
C150200035,무생채,R106-053002201-0000,1,마늘,1000006845,5.68,5.68
C150200035,무생채,R106-065027601-0000,70,무,1000622538,2.06,144.2
C150200035,무생채,R103-011020000-0000,2,백설탕,1000612561,1.438666667,2.877333333
C150200035,무생채,R318-020030000-0000,1,소금,1000736517,1.43,1.43
C150200035,무생채,P113-101010100-0025,2,양조식초,1000743997,0.758,1.516
C150200035,무생채,R114-020000000-0000,1,참기름,1000697992,10.10555556,10.10555556
C150200035,무생채,R106-191040001-0000,2,파(실파),1000007015,3.38,6.76
C170100001,배추김치,R106-004000001-0000,1,갓,1000006752,4.6,4.6
C170100001,배추김치,R118-007000006-0000,2,고춧가루,1000020371,5.514705882,11.02941176
C170100001,배추김치,R318-020000000-0000,0.3,굵은소금,1000736517,1.43,0.429
C170100001,배추김치,R318-020000000-0000,3,굵은소금(절임용),1000736517,1.43,4.29
C170100001,배추김치,R106-053002201-0000,1,마늘(다진것),1000006845,5.68,5.68
C170100001,배추김치,R211-105034077-0000,1,멸치액젓,1000741926,1.266666667,1.266666667
C170100001,배추김치,R106-065027601-0000,6,무,1000622538,2.06,12.36
C170100001,배추김치,R106-077030001-0000,5,미나리,1000006800,8.44,42.2
C170100001,배추김치,R106-087003401-0000,40,배추,1000622543,1.89,75.6
C170100001,배추김치,R103-011020000-0000,0.5,백설탕,1000612561,1.438666667,0.719333333
C170100001,배추김치,R211-717254071-0000,1,새우젓,1000642504,28.5,28.5
C170100001,배추김치,R106-101002501-0000,0.5,생강(다진것),1000702726,16.66666667,8.333333333
C170100001,배추김치,R106-191030001-0000,1,쪽파,1000007032,11.02,11.02